recency,frequency,monetary,Cluster
326,1,77183.6,2
3,7,4310.0,0
76,4,1797.24,0
19,1,1757.55,0
311,1,334.4,0
37,8,2506.04,0
205,1,89.0,0
233,1,1079.4,0
215,1,459.4,0
23,3,2811.43,0
34,1,6207.67,0
2,2,1168.06,0
58,4,6372.58,0
53,3,2662.06,0
288,1,189.9,0
4,10,5226.23,0
110,2,552.0,0
8,4,1313.1,0
292,2,641.38,0
5,1,168.9,0
52,4,3545.69,0
45,2,1887.96,0
72,3,1298.04,0
312,1,364.6,0
26,1,742.9300000000001,0
11,2,457.5,0
316,2,1628.12,0
130,1,4008.62,0
82,2,852.24,0
22,4,2724.81,0
5,5,1845.31,0
185,5,1850.56,0
29,2,585.27,0
338,2,401.9,0
16,6,2780.66,0
80,1,549.84,0
22,1,460.89,0
73,4,1582.6000000000001,0
64,2,1272.48,0
20,12,3018.63,0
36,2,2409.9,0
46,1,1635.6599999999999,0
120,4,1108.65,0
304,1,84.3,0
324,1,225.6,0
50,1,427.7,0
149,1,1710.39,0
23,2,3415.3,0
50,5,1708.1200000000001,0
33,5,2888.55,0
79,3,11072.67,0
309,2,693.3299999999999,0
75,3,1226.88,0
67,3,758.1,0
218,3,562.41,0
25,21,124914.53,3
4,9,3649.1,0
113,1,668.58,0
64,1,600.39,0
16,4,807.04,0
96,3,803.5600000000001,0
1,8,1859.31,0
163,2,1760.96,0
79,1,777.2,0
195,1,582.73,0
22,3,825.8,0
26,9,7956.46,0
10,4,3750.4,0
44,1,256.4,0
36,15,6487.45,0
43,5,5059.32,0
1,7,13375.87,0
85,2,806.14,0
80,2,7829.89,0
100,1,509.01,0
2,18,4951.41,0
15,2,2906.85,0
367,1,173.55,0
4,1,172.06,0
22,5,5005.46,0
23,1,133.4,0
58,1,1002.3100000000001,0
244,1,476.49,0
45,1,449.45,0
23,4,4067.29,0
157,2,197.88,0
11,5,9035.52,0
17,2,430.57,0
135,1,707.09,0
57,1,3528.34,0
74,6,2466.86,0
45,3,3181.04,0
67,7,2363.23,0
72,2,947.4,0
95,2,826.88,0
19,2,1189.59,0
54,4,1344.78,0
11,8,1212.05,0
18,2,742.1899999999999,0
188,2,729.5400000000001,0
3,30,19824.05,0
33,7,6572.11,0
30,5,3938.5499999999997,0
18,18,7375.79,0
54,1,723.38,0
16,11,6816.42,0
23,6,13219.74,0
4,1,680.99,0
12,1,527.2,0
29,4,3281.63,0
23,10,5596.32,0
18,8,2484.98,0
33,6,4541.72,0
10,3,1298.66,0
337,1,334.93,0
6,10,5417.93,0
39,1,460.40000000000003,0
64,2,263.21000000000004,0
166,2,433.74,0
16,7,1246.1000000000001,0
82,1,1043.1,0
22,3,403.70000000000005,0
24,11,4257.82,0
337,1,2169.39,0
96,5,3723.87,0
19,2,482.04999999999995,0
233,1,73.5,0
135,3,1304.81,0
27,2,398.27,0
285,1,176.5,0
143,2,982.5699999999999,0
67,2,138.03,0
113,1,612.29,0
268,1,1017.68,0
354,1,383.7,0
78,2,1312.06,0
29,5,2502.84,0
1,5,2056.89,0
64,1,340.84,0
80,5,2634.26,0
143,1,599.68,0
40,2,192.72,0
20,11,1789.77,0
10,8,4485.72,0
1,3,1316.66,0
82,3,348.71000000000004,0
10,6,1933.48,0
60,4,1662.28,0
15,1,125.22,0
31,1,349.83000000000004,0
131,1,1089.18,0
92,2,716.35,0
44,3,12601.830000000002,0
30,1,363.95,0
23,4,5568.35,0
20,17,13400.24,0
30,3,981.18,0
37,1,372.7,0
76,2,1000.39,0
47,2,1161.5,0
198,2,207.79999999999998,0
167,1,95.19999999999999,0
80,1,964.83,0
358,1,168.0,0
39,2,437.82,0
9,10,3692.28,0
51,2,603.71,0
17,5,11990.960000000001,0
8,1,269.96,0
311,2,561.71,0
6,3,2134.01,0
303,1,238.85,0
9,7,3781.7400000000002,0
262,1,456.9,0
289,1,145.92,0
87,1,351.65,0
23,10,9401.28,0
3,32,4124.69,0
40,2,519.61,0
9,2,1020.42,0
228,1,160.54000000000002,0
316,1,218.45,0
36,5,1315.83,0
36,3,657.8,0
22,2,2794.51,0
79,1,440.42,0
247,1,415.7,0
40,1,197.71,0
239,2,511.36,0
3,15,7281.38,0
4,9,2338.15,0
235,2,2040.1,0
18,1,196.94000000000003,0
8,1,144.0,0
40,1,214.89999999999998,0
29,2,646.68,0
212,2,9864.26,0
318,1,452.84999999999997,0
93,2,437.6,0
109,3,418.09999999999997,0
38,10,3338.2200000000003,0
52,2,618.27,0
20,4,3811.22,0
10,8,3023.08,0
30,7,1032.58,0
29,10,2599.04,0
190,5,577.0600000000001,0
59,1,153.12,0
22,1,739.1999999999999,0
80,2,254.18,0
61,1,1579.51,0
79,3,1126.85,0
23,5,2099.54,0
53,1,1193.32,0
75,1,704.0400000000001,0
58,5,3344.38,0
278,1,315.6,0
3,4,2291.19,0
96,2,713.3,0
30,1,355.53,0
22,1,177.31,0
17,9,3641.24,0
15,3,1339.41,0
2,20,13689.67,0
233,1,180.1,0
277,1,305.1,0
107,2,641.13,0
212,2,2683.82,0
24,9,6620.48,0
11,7,4478.53,0
5,3,786.46,0
10,2,1270.88,0
58,1,640.5,0
59,4,2163.98,0
90,2,1689.18,0
68,8,6021.9,0
34,1,671.69,0
239,1,486.1,0
24,3,1174.58,0
116,1,185.9,0
26,3,1013.26,0
129,6,3344.64,0
130,1,477.91,0
34,4,1775.18,0
5,2,1346.97,0
23,12,3722.82,0
155,1,318.05,0
108,3,623.51,0
4,1,314.44,0
335,1,114.0,0
332,1,919.98,0
149,2,2209.85,0
11,5,601.98,0
18,5,4051.17,0
12,4,1643.18,0
19,1,686.05,0
30,1,91.68,0
12,1,245.1,0
1,11,3849.78,0
9,9,4881.88,0
325,1,63.0,0
59,1,620.13,0
12,4,3807.15,0
151,3,2744.0299999999997,0
11,5,2996.05,0
330,1,225.89999999999998,0
6,2,610.52,0
39,4,1970.6,0
25,6,1331.39,0
43,12,17628.46,0
59,4,1113.02,0
1,4,880.81,0
15,22,13787.54,0
4,31,12288.22,0
5,15,8476.57,0
8,7,2283.63,0
29,6,2863.08,0
372,1,89.14,0
114,1,4873.8099999999995,0
26,2,1247.61,0
206,1,389.01,0
29,6,1035.8,0
128,4,855.91,0
71,2,869.67,0
8,4,582.1,0
29,3,957.59,0
8,4,4939.99,0
80,2,797.71,0
20,1,219.0,0
72,1,283.55,0
8,8,2340.84,0
16,9,6868.29,0
292,1,603.42,0
30,10,2712.91,0
16,15,9736.52,0
97,3,1149.02,0
29,13,4396.13,0
1,1,848.55,0
10,5,4708.86,0
107,1,353.86,0
4,2,1053.49,0
152,2,1030.98,0
72,1,238.25,0
6,2,644.95,0
3,25,5781.73,0
32,6,2656.13,0
86,4,997.63,0
4,5,725.07,0
6,4,1031.41,0
372,1,427.8,0
29,7,2609.1,0
11,7,3980.7,0
72,4,836.33,0
114,1,453.01,0
24,12,18895.91,0
180,1,236.26000000000002,0
235,1,383.95,0
353,1,110.39999999999999,0
316,2,779.5699999999999,0
333,1,234.0,0
373,1,155.35,0
79,2,1013.04,0
64,1,427.6,0
135,2,546.43,0
52,7,21279.29,0
3,11,4196.01,0
1,210,33719.73,2
4,5,4090.88,0
129,1,275.88,0
82,1,4366.78,0
23,6,21429.39,0
236,3,3010.74,0
281,2,3811.95,0
87,1,112.07999999999998,0
16,13,7857.1,0
117,2,2791.59,0
53,3,1531.44,0
8,2,1898.52,0
139,2,494.08,0
317,1,1693.88,0
4,7,6989.63,0
239,1,1143.6,0
211,1,1351.45,0
60,1,892.47,0
18,5,1386.04,0
20,6,822.23,0
38,8,3981.36,0
64,2,826.74,0
5,5,2330.92,0
3,6,2225.91,0
10,2,574.42,0
365,1,311.95,0
10,3,463.66,0
66,1,91.85,0
193,1,324.92,0
374,1,192.60000000000002,0
257,1,400.53999999999996,0
335,2,545.48,0
54,2,860.41,0
19,1,430.48,0
366,1,254.03,0
11,3,6977.04,0
187,1,427.58,0
37,3,483.65000000000003,0
178,1,489.31,0
261,3,514.85,0
45,1,229.64000000000001,0
102,1,125.92,0
148,2,1063.46,0
96,2,572.2,0
282,1,166.04,0
262,1,1542.08,0
4,4,942.34,0
215,1,92.72,0
71,2,948.88,0
75,5,1759.5,0
60,1,397.12,0
3,7,1474.72,0
6,3,430.15000000000003,0
3,6,1018.71,0
337,2,293.0,0
38,6,6814.64,0
263,1,215.05,0
33,2,383.03,0
146,1,417.38,0
283,1,312.38,0
60,4,2612.86,0
174,1,134.1,0
34,2,683.13,0
3,14,5591.42,0
144,4,2726.77,0
5,25,4022.35,0
71,2,1118.99,0
66,8,1702.26,0
30,2,325.96000000000004,0
268,4,354.09,0
23,1,871.54,0
32,2,1050.8899999999999,0
97,1,135.18,0
295,1,311.55,0
135,6,1957.1000000000001,0
79,3,1324.5,0
373,1,38.1,0
8,6,2179.93,0
211,2,1106.4,0
53,1,521.2,0
139,1,147.12,0
27,2,1568.23,0
284,1,559.12,0
27,7,4036.82,0
186,6,1607.0600000000002,0
85,2,380.64,0
327,2,599.97,0
283,1,374.0,0
144,2,343.2300000000001,0
58,2,2218.02,0
4,12,1535.77,0
237,2,854.99,0
45,3,573.22,0
276,1,298.0,0
10,2,1463.04,0
25,4,703.47,0
89,1,309.05,0
64,3,1175.22,0
68,2,1378.4,0
215,2,354.12,0
25,1,380.46999999999997,0
186,3,331.0,0
31,1,188.14,0
43,2,372.8,0
205,2,216.5,0
9,28,17654.54,0
265,1,138.68,0
19,2,509.58,0
12,5,2919.81,0
177,2,750.0,0
40,5,2178.67,0
24,8,3075.04,0
3,5,1662.3,0
5,5,2483.63,0
149,2,363.65,0
139,4,3006.15,0
129,1,594.0,0
9,6,1335.19,0
18,1,164.23,0
10,37,16587.09,0
162,1,405.38,0
65,1,176.97,0
89,4,933.7,0
5,2,694.05,0
36,5,2062.7000000000003,0
312,1,117.85,0
79,2,415.8,0
22,15,42055.96,2
25,3,607.53,0
3,7,2160.7,0
18,4,1063.9,0
16,4,1504.27,0
26,1,114.14,0
65,8,11581.8,0
55,2,913.54,0
132,3,683.9,0
36,2,604.51,0
289,1,462.95,0
144,6,1603.99,0
17,7,2064.95,0
31,8,4167.22,0
3,3,1843.0,0
9,6,1064.07,0
6,4,1387.79,0
10,1,329.85,0
2,11,4757.16,0
307,1,108.07,0
10,8,4017.54,0
8,2,266.39,0
9,8,1856.63,0
90,1,771.91,0
10,1,160.18,0
359,2,1660.9,0
113,1,135.95,0
8,4,452.24,0
4,86,11189.91,0
198,1,144.8,0
212,1,738.6,0
157,1,39.239999999999995,0
158,9,7374.900000000001,0
30,2,372.21999999999997,0
243,1,390.54,0
19,1,97.5,0
1,2,1239.38,0
74,2,558.7,0
293,1,535.32,0
4,15,6924.110000000001,0
32,3,409.5,0
24,2,503.76,0
24,4,414.76,0
5,3,974.4200000000001,0
86,1,211.32,0
23,4,1226.89,0
197,3,455.88,0
107,3,534.85,0
5,13,9818.82,0
319,1,120.94999999999999,0
106,3,149.05,0
12,18,5655.91,0
174,2,513.7,0
57,1,81.57,0
324,1,229.46999999999997,0
373,1,50.550000000000004,0
10,8,1661.8400000000001,0
2,13,4810.9400000000005,0
11,10,3466.2799999999997,0
54,5,3346.28,0
74,3,789.89,0
8,1,204.0,0
17,28,7277.7,0
5,9,2616.38,0
65,2,689.9,0
2,5,975.36,0
114,6,6912.0,0
23,2,661.3199999999999,0
31,3,1247.5,0
12,2,799.48,0
53,2,1010.18,0
358,1,190.55,0
55,2,642.77,0
74,2,921.88,0
139,3,881.07,0
81,3,908.46,0
9,2,676.99,0
274,1,516.42,0
292,1,560.47,0
100,1,305.28000000000003,0
31,2,629.31,0
32,10,3237.54,0
15,4,1835.91,0
65,2,656.6800000000001,0
15,17,5836.86,0
213,1,348.15000000000003,0
79,3,1214.41,0
25,3,271.40000000000003,0
250,1,183.4,0
254,1,307.53,0
73,1,248.61,0
192,1,346.98,0
13,4,1119.49,0
374,1,205.86,0
25,2,470.8,0
83,1,115.46000000000001,0
11,2,344.0,0
1,24,4436.12,0
193,1,228.8,0
267,1,177.15,0
130,1,919.61,0
2,4,729.27,0
4,26,12627.94,0
5,5,220.10000000000002,0
180,1,58.08,0
12,11,28337.38,2
127,9,3613.63,0
5,2,303.75,0
158,2,416.08000000000004,0
3,97,58825.83,2
9,14,8910.82,0
29,1,345.82,0
71,5,477.83,0
276,8,7832.47,0
22,12,1927.3200000000002,0
71,1,74.39999999999999,0
33,10,6010.42,0
2,28,28882.44,2
100,1,207.35999999999999,0
235,1,101.19,0
2,24,6424.09,0
40,1,243.94,0
4,6,1098.48,0
134,1,76.5,0
45,4,1531.6200000000001,0
373,1,350.06,0
60,2,786.54,0
32,7,1488.67,0
1,24,12245.960000000001,0
12,4,2294.78,0
139,1,501.14,0
22,8,984.91,0
20,5,1197.81,0
239,1,30.599999999999998,0
270,1,283.73,0
95,2,922.39,0
90,3,3866.33,0
5,8,2099.64,0
78,1,259.17,0
95,1,64.0,0
24,3,1073.3,0
262,1,77.3,0
274,2,109.8,0
86,4,1793.58,0
197,1,3096.0,0
57,5,2607.61,0
11,8,3650.41,0
23,6,962.39,0
17,7,5064.94,0
109,3,423.72,0
85,5,2388.75,0
20,1,307.09,0
333,1,110.95,0
40,4,618.52,0
27,1,228.91,0
11,4,712.8000000000001,0
30,12,3707.12,0
15,4,1676.06,0
296,1,1257.8700000000001,0
6,1,486.22,0
34,4,971.76,0
50,4,1741.22,0
95,4,1201.06,0
9,4,1437.85,0
23,1,91.8,0
314,1,112.75,0
123,4,1688.29,0
47,2,1021.48,0
284,1,417.2,0
19,4,791.33,0
37,4,1319.19,0
64,2,712.88,0
27,1,116.00999999999999,0
22,3,468.41,0
5,2,353.65,0
17,3,2817.03,0
47,1,492.84,0
65,1,282.45,0
27,11,5725.47,0
46,1,121.18,0
8,9,3957.78,0
15,10,1701.29,0
268,1,71.4,0
40,3,1575.89,0
338,1,236.02,0
12,1,114.60000000000001,0
19,2,260.68,0
96,2,911.94,0
62,1,117.88,0
136,1,60.7,0
12,4,1797.78,0
11,6,3401.2400000000002,0
4,38,9817.12,0
20,4,870.09,0
10,4,869.46,0
16,2,250.26000000000002,0
59,6,1223.9,0
31,8,5891.61,0
94,1,353.48,0
11,3,1197.42,0
20,3,788.08,0
57,5,1520.58,0
268,1,333.74,0
123,3,533.98,0
128,1,62.63999999999999,0
79,4,819.2900000000001,0
241,2,847.41,0
201,2,163.20000000000002,0
61,2,2155.95,0
4,7,6463.84,0
274,1,108.21000000000001,0
202,1,257.7,0
82,1,358.0,0
226,1,160.95,0
5,14,2806.97,0
13,7,1357.6,0
75,2,605.12,0
213,1,1031.07,0
25,2,744.85,0
18,4,700.73,0
262,1,329.56,0
97,4,663.65,0
113,3,270.40000000000003,0
204,1,600.07,0
93,1,121.74000000000001,0
51,1,430.5,0
19,6,1987.3,0
18,4,501.12,0
125,2,465.68,0
93,3,711.41,0
157,2,1030.4,0
10,2,399.51,0
15,1,0.0,0
12,3,698.58,0
62,1,292.32,0
62,1,557.62,0
269,2,944.1,0
264,1,200.29,0
2,35,7454.07,0
54,5,2107.66,0
12,12,3834.2599999999998,0
3,19,4521.49,0
18,11,3214.69,0
2,15,5346.2300000000005,0
367,1,590.0,0
38,1,217.38,0
32,2,276.56,0
114,1,138.98,0
64,2,590.9300000000001,0
16,4,258.4,0
41,1,542.73,0
79,1,137.75,0
123,3,814.86,0
19,3,1132.14,0
60,2,93.66,0
331,1,201.19,0
24,4,2709.12,0
156,1,361.11,0
39,2,578.9399999999999,0
190,2,873.74,0
360,1,201.20000000000002,0
138,1,87.4,0
8,4,2089.85,0
2,1,360.0,0
269,1,142.5,0
170,1,371.89,0
104,4,618.09,0
156,1,63.75,0
352,1,300.42,0
5,10,2000.86,0
121,1,15.0,0
23,3,1385.51,0
8,5,1456.79,0
29,3,1132.03,0
5,2,598.57,0
23,5,1555.32,0
2,3,775.94,0
38,4,5977.7300000000005,0
67,6,2273.68,0
2,3,640.76,0
6,26,10845.550000000001,0
79,4,1548.7,0
73,2,567.36,0
18,1,199.48000000000002,0
4,5,787.85,0
37,10,7121.95,0
82,1,675.3,0
39,8,3627.77,0
317,1,1308.48,0
32,2,789.0,0
93,3,1140.93,0
15,1,350.9,0
83,3,3536.82,0
78,1,795.12,0
158,1,487.02,0
201,1,860.12,0
46,7,10736.48,0
261,1,775.85,0
178,1,353.43,0
68,3,2543.72,0
288,1,389.5,0
71,1,341.36,0
65,1,233.76,0
11,1,247.32,0
17,2,979.12,0
67,1,373.94,0
61,1,397.97999999999996,0
72,1,743.53,0
123,1,674.7,0
81,1,768.24,0
258,1,609.95,0
269,1,439.03,0
64,1,439.56,0
10,4,3090.7400000000002,0
18,2,992.5,0
72,1,134.95999999999998,0
34,2,2225.37,0
51,1,56.160000000000004,0
257,2,623.4,0
366,1,308.28000000000003,0
372,1,754.87,0
90,1,378.64,0
61,3,3312.25,0
89,1,778.65,0
100,3,1019.76,0
27,3,572.56,0
32,6,3639.31,0
281,1,222.99,0
31,7,4151.93,0
330,1,534.57,0
132,2,677.1,0
12,3,797.96,0
75,1,544.08,0
204,1,59.8,0
2,8,2520.02,0
186,1,307.72,0
30,2,1360.99,0
73,5,1544.13,0
193,1,457.34,0
128,2,621.23,0
18,1,75.0,0
2,2,252.49,0
75,3,572.451,0
2,62,28117.04,2
25,5,1003.06,0
108,1,213.55,0
134,3,1390.5,0
44,2,712.5,0
5,2,640.83,0
12,18,6127.43,0
64,1,221.06,0
150,2,159.85,0
41,2,1851.08,0
65,1,2626.3,0
109,3,1624.21,0
1,10,3641.32,0
20,3,582.6,0
11,1,218.47,0
11,4,1006.8,0
19,2,679.45,0
68,2,1269.1,0
75,2,534.24,0
6,7,3809.8900000000003,0
2,1,196.89,0
15,7,3408.06,0
256,1,283.71,0
92,1,296.64,0
24,3,1129.14,0
17,6,3539.37,0
24,1,291.88,0
27,6,2043.7199999999998,0
27,5,2976.15,0
260,2,590.0,0
166,2,356.97999999999996,0
25,2,1058.34,0
18,6,1766.72,0
8,14,9646.57,0
30,2,183.44,0
39,3,1445.0,0
253,1,151.5,0
59,1,674.68,0
185,1,307.9,0
11,2,1083.71,0
2,37,5704.97,0
100,2,165.0,0
2,4,2531.58,0
61,2,422.64,0
237,1,229.59,0
192,4,1431.78,0
179,2,1238.47,0
38,6,1454.58,0
201,2,300.95,0
46,5,1804.56,0
233,1,184.64,0
66,1,140.34,0
242,1,313.8,0
234,1,454.24,0
79,3,1122.41,0
58,3,575.4,0
18,13,8968.31,0
106,4,449.52,0
52,10,1215.82,0
137,3,1269.84,0
276,2,618.63,0
312,1,316.26000000000005,0
8,5,2044.8700000000001,0
11,2,653.33,0
283,2,348.05,0
18,5,1159.11,0
24,3,1166.77,0
289,1,1340.32,0
17,3,292.0,0
72,1,216.85,0
65,1,295.93,0
73,4,4393.63,0
317,2,458.52,0
4,4,2479.16,0
244,1,110.97,0
9,7,979.72,0
2,4,1791.56,0
261,1,251.21,0
127,1,205.1,0
74,1,152.20000000000002,0
73,4,891.12,0
22,3,1389.41,0
60,3,2128.42,0
86,1,659.4399999999999,0
79,1,122.75,0
59,6,3624.35,0
2,3,1093.65,0
31,1,125.80000000000001,0
34,5,3964.88,0
41,5,680.1800000000001,0
15,2,628.78,0
34,7,2287.51,0
79,2,307.76,0
206,2,483.8,0
34,1,210.31,0
183,3,270.79,0
3,25,5870.08,0
2,7,3448.29,0
44,7,1280.85,0
86,3,631.34,0
40,2,291.41,0
13,3,626.99,0
97,2,682.41,0
26,7,918.2,0
320,1,91.80000000000001,0
67,12,3740.07,0
74,4,4149.28,0
29,2,584.06,0
6,4,605.06,0
8,1,174.37,0
216,1,141.85999999999999,0
82,3,1799.33,0
85,2,777.53,0
145,3,1749.02,0
20,2,240.22,0
41,2,874.71,0
174,1,192.85,0
18,2,373.75,0
244,1,239.49,0
13,12,2092.32,0
206,1,1384.25,0
51,2,294.4,0
24,5,732.0699999999999,0
11,18,6717.34,0
26,4,1687.6000000000001,0
15,2,467.04,0
310,1,118.0,0
156,1,781.03,0
307,1,142.4,0
64,1,712.4,0
16,9,2478.95,0
15,2,379.65,0
12,6,1981.92,0
65,3,1117.13,0
36,4,247.95999999999998,0
109,5,2037.0800000000002,0
53,1,396.97,0
6,2,697.04,0
48,1,180.17000000000002,0
2,21,5153.67,0
313,1,219.52,0
46,2,693.32,0
65,1,428.89,0
27,1,164.34,0
30,3,280.53999999999996,0
41,1,678.01,0
13,7,1131.88,0
90,3,1171.8,0
25,4,1610.46,0
319,1,417.69,0
41,3,544.18,0
174,1,177.34,0
117,1,213.85,0
31,5,747.78,0
253,1,257.23,0
60,5,1638.47,0
24,11,7792.36,0
6,7,2031.78,0
100,11,3070.42,0
25,5,2121.27,0
34,5,1575.16,0
68,1,1071.03,0
37,5,949.12,0
53,3,810.5,0
16,1,122.64,0
75,1,1033.34,0
216,1,354.8,0
32,3,519.44,0
17,4,2624.26,0
121,1,252.1,0
10,4,1678.1200000000001,0
257,2,346.6,0
17,6,1836.34,0
36,2,94.2,0
46,3,1095.08,0
44,6,2707.33,0
115,2,932.97,0
165,2,379.65,0
11,2,382.14,0
10,5,2639.17,0
206,2,1573.2,0
86,3,897.76,0
180,1,189.47,0
61,3,84.65,0
150,1,305.02,0
3,21,6363.59,0
51,2,218.55,0
76,1,349.7,0
302,2,186.39000000000001,0
19,2,396.92,0
152,2,486.82000000000005,0
152,1,232.6,0
2,4,3722.42,0
18,4,827.83,0
188,1,59.5,0
286,1,67.23,0
3,7,3119.44,0
183,1,72.0,0
64,1,910.0,0
60,1,172.25,0
25,3,1488.32,0
4,50,65039.62,2
32,15,2504.13,0
39,1,151.29999999999998,0
156,1,308.58000000000004,0
27,10,2265.12,0
319,1,99.5,0
6,9,2308.06,0
8,3,711.86,0
303,1,330.79,0
268,2,806.41,0
272,1,296.88,0
4,13,6328.05,0
32,1,180.48,0
219,2,252.06,0
247,1,228.84,0
282,5,1079.34,0
270,1,138.28,0
33,6,1445.01,0
247,2,306.55,0
16,5,1041.68,0
117,4,799.9,0
37,1,524.14,0
132,3,2375.41,0
218,1,199.85000000000002,0
50,8,1980.56,0
39,2,1079.6599999999999,0
29,2,333.48,0
37,6,1016.14,0
136,2,752.6,0
220,2,610.59,0
29,1,491.86,0
25,4,2885.2400000000002,0
6,2,731.9,0
201,1,339.59999999999997,0
19,1,216.9,0
241,1,350.75,0
72,3,668.4300000000001,0
17,12,3131.02,0
3,7,1341.6,0
96,2,1156.36,0
163,1,300.04,0
374,1,79.6,0
96,5,948.25,0
54,5,1647.26,0
289,1,296.25,0
125,6,1186.28,0
288,1,741.26,0
152,2,282.59999999999997,0
4,9,2161.35,0
3,14,5189.52,0
12,7,3190.55,0
34,2,659.4100000000001,0
55,2,286.79,0
51,2,1070.65,0
219,1,306.72,0
64,1,1714.96,0
71,3,1521.76,0
3,37,17220.36,0
3,10,2796.51,0
65,4,2634.45,0
34,3,1132.13,0
82,1,345.0,0
1,33,25977.16,2
104,1,178.7,0
8,2,360.01,0
251,1,127.84,0
13,6,912.0,0
10,11,2462.79,0
368,1,230.39999999999998,0
76,2,309.04,0
5,1,348.8,0
128,2,1516.0,0
67,2,195.55,0
2,57,37153.85,2
117,2,688.86,0
310,1,558.32,0
67,1,324.8,0
139,3,4599.42,0
256,1,277.07,0
31,7,2635.79,0
53,2,924.6,0
64,1,256.38,0
368,1,112.6,0
6,5,1747.66,0
306,1,155.05,0
29,3,1499.01,0
184,3,814.5,0
43,3,539.0,0
40,4,1366.8600000000001,0
93,2,1579.12,0
23,4,4027.36,0
24,2,571.6700000000001,0
30,2,382.98,0
302,3,1140.35,0
145,2,385.64,0
6,2,632.0,0
19,2,957.66,0
33,5,1698.94,0
177,1,189.5,0
58,3,412.05,0
23,1,209.49,0
17,6,2202.99,0
20,1,52.199999999999996,0
160,1,384.8,0
26,4,834.57,0
212,2,271.24,0
6,4,691.73,0
253,1,85.0,0
59,9,3385.62,0
12,1,361.62,0
65,1,312.98,0
25,3,865.0600000000001,0
93,3,1255.0,0
52,2,1537.95,0
130,1,1595.48,0
96,3,2651.46,0
58,1,1090.14,0
9,25,8109.5199999999995,0
169,3,388.5,0
58,1,216.17,0
327,1,201.16,0
2,5,1245.9,0
19,8,2209.36,0
248,1,305.78,0
59,4,501.56,0
75,1,145.67000000000002,0
32,3,1015.29,0
8,2,3192.54,0
124,4,3104.95,0
3,8,2770.94,0
23,13,6403.25,0
120,3,389.6,0
359,1,540.45,0
54,5,1786.79,0
64,1,122.7,0
87,1,117.24,0
55,1,1281.53,0
22,13,3219.77,0
4,20,17159.52,0
3,5,1191.13,0
11,5,2674.48,0
8,5,787.6,0
190,2,506.8,0
72,1,243.56,0
205,1,349.55,0
120,2,605.63,0
93,1,416.90000000000003,0
2,10,1883.8100000000002,0
27,4,632.97,0
298,1,821.1,0
24,3,564.62,0
29,4,2593.07,0
51,1,311.16,0
326,1,155.93,0
17,2,388.52,0
184,3,740.95,0
73,5,2867.2,0
38,2,332.64,0
80,4,2369.55,0
58,9,2580.91,0
12,2,626.45,0
50,2,272.04,0
50,2,1212.8400000000001,0
60,2,384.81,0
352,1,172.25,0
54,1,351.13,0
2,6,1838.8500000000001,0
93,4,678.25,0
24,1,223.85000000000002,0
75,1,348.99,0
11,4,464.57,0
170,2,842.65,0
58,2,337.34,0
96,2,1237.53,0
295,1,307.4,0
110,2,608.7900000000001,0
264,1,922.1,0
180,1,376.58,0
170,1,158.85,0
36,1,71.66,0
24,3,568.55,0
18,4,839.14,0
22,5,5112.96,0
80,3,561.5699999999999,0
66,1,90.6,0
361,1,102.0,0
3,6,2427.32,0
12,4,745.06,0
177,3,674.45,0
218,2,3251.071,0
8,7,3515.68,0
2,2,439.92,0
155,2,322.96,0
6,5,1026.42,0
80,3,598.2,0
22,2,230.22,0
22,2,169.55,0
309,4,664.54,0
146,1,80.7,0
8,18,9053.94,0
19,8,2758.26,0
71,2,190.25,0
288,1,264.7,0
50,1,413.59000000000003,0
32,6,2526.28,0
207,1,357.98,0
15,2,196.79000000000002,0
74,1,869.87,0
61,1,200.14,0
40,4,1871.81,0
30,12,2603.43,0
27,5,920.51,0
5,15,7060.13,0
18,1,320.46,0
20,6,4147.96,0
66,2,1266.08,0
214,1,311.3,0
13,6,855.97,0
31,1,76.8,0
43,9,3466.36,0
4,6,2313.14,0
16,5,1393.69,0
11,12,3901.81,0
212,1,635.66,0
46,3,2043.0800000000002,0
135,2,529.73,0
44,7,4582.64,0
10,5,2874.72,0
116,3,962.19,0
199,2,695.61,0
278,1,328.8,0
111,3,473.02,0
78,1,505.18,0
53,1,917.34,0
162,4,4341.21,0
47,3,1421.61,0
17,2,642.8,0
156,3,631.9,0
226,1,440.0,0
8,2,584.07,0
122,2,327.7,0
61,1,104.82,0
64,2,467.66,0
19,8,2360.09,0
8,19,17286.86,0
3,11,2975.59,0
23,3,651.8199999999999,0
29,5,1428.02,0
285,1,626.65,0
177,2,147.20000000000002,0
79,3,1560.38,0
34,1,152.2,0
41,12,3614.92,0
267,1,141.41,0
27,4,652.82,0
110,4,1659.75,0
285,1,154.99,0
9,5,1308.6100000000001,0
306,1,409.93,0
17,4,5681.72,0
32,2,746.36,0
1,23,15610.390000000001,0
20,1,225.36,0
125,2,260.25,0
66,1,92.46,0
107,1,725.6400000000001,0
2,23,8214.65,0
24,17,6217.96,0
267,1,183.6,0
5,19,6140.42,0
10,12,10464.85,0
30,5,1353.74,0
267,1,152.55,0
64,2,374.7,0
321,1,265.85,0
4,8,1438.82,0
33,1,151.04,0
5,3,942.26,0
130,1,122.47,0
41,5,499.41999999999996,0
102,6,1049.37,0
125,1,375.1,0
33,1,45.599999999999994,0
303,2,934.52,0
365,1,182.25,0
5,9,1018.43,0
3,18,4448.54,0
3,1,194.42,0
11,13,50491.81,2
57,1,161.0,0
325,1,76.32000000000001,0
8,14,4076.91,0
13,1,442.85,0
5,17,65164.79,2
37,1,147.35,0
17,11,3104.17,0
138,1,194.9,0
74,6,5976.79,0
6,5,1360.28,0
155,2,216.20999999999998,0
240,1,1266.23,0
52,7,2703.23,0
31,2,597.91,0
73,1,144.2,0
4,12,5683.15,0
15,4,692.85,0
23,7,2915.15,0
4,4,1840.42,0
274,2,386.53,0
20,5,1382.74,0
144,1,90.0,0
4,4,2780.15,0
85,1,419.58000000000004,0
11,3,2740.43,0
8,3,706.1300000000001,0
123,3,709.71,0
61,2,637.5,0
2,5,1123.8600000000001,0
320,1,483.86,0
3,11,3586.0299999999997,0
130,3,605.64,0
2,15,4690.31,0
2,2,982.3800000000001,0
47,1,415.82,0
4,2,935.05,0
3,4,915.13,0
374,1,311.81,0
134,1,115.8,0
47,4,3742.2,0
9,5,4191.0,0
79,2,483.4,0
234,1,157.2,0
221,1,446.62,0
36,2,658.64,0
76,2,621.29,0
240,2,1345.62,0
267,1,118.75,0
10,55,117379.63,3
20,2,432.88,0
41,1,507.66,0
20,11,4693.01,0
216,3,1110.52,0
174,2,289.36,0
88,4,2445.91,0
71,2,1631.77,0
276,1,122.53999999999999,0
40,4,574.84,0
99,1,363.79,0
11,4,450.84,0
34,1,134.46,0
60,3,3222.3,0
298,4,576.9000000000001,0
87,4,559.41,0
9,7,1620.93,0
41,2,719.78,0
11,25,4748.52,0
67,1,452.89,0
332,1,197.65,0
31,6,2054.36,0
3,15,4654.08,0
2,13,4684.76,0
68,2,853.39,0
5,21,11349.52,0
202,2,1012.0,0
107,1,335.52,0
19,4,701.4,0
219,1,185.39999999999998,0
61,7,747.44,0
3,1,161.03,0
17,2,466.7,0
240,1,328.15999999999997,0
95,1,151.74,0
11,6,2073.43,0
106,6,1905.8400000000001,0
54,9,2241.1,0
90,1,1070.48,0
31,5,1004.38,0
12,6,1789.72,0
4,4,1839.3,0
2,17,2004.98,0
43,1,169.48000000000002,0
5,1,89.94,0
248,2,632.4,0
43,9,3432.8,0
178,1,683.17,0
93,3,991.13,0
111,4,1050.12,0
29,5,2232.19,0
27,10,3350.96,0
52,3,1547.2,0
184,3,925.71,0
43,5,2048.07,0
50,4,1462.72,0
23,4,775.46,0
76,5,3144.86,0
81,2,490.86,0
374,1,161.0,0
327,1,146.85,0
44,11,2380.85,0
31,2,890.34,0
184,1,213.70000000000002,0
235,2,280.55,0
9,10,2588.77,0
220,2,1693.45,0
111,3,1474.06,0
279,1,136.76999999999998,0
319,1,302.58,0
8,3,1904.05,0
2,5,2879.7000000000003,0
261,2,969.0600000000001,0
65,5,3099.7200000000003,0
10,9,12669.98,0
142,1,120.0,0
51,2,1163.45,0
9,8,2618.23,0
155,2,333.97,0
110,2,530.18,0
163,3,1516.24,0
332,1,492.65000000000003,0
226,1,112.32,0
74,2,437.96,0
52,4,559.97,0
99,3,1119.74,0
16,3,4216.2,0
197,1,134.04,0
4,15,3729.34,0
31,2,595.25,0
22,4,1910.01,0
24,3,4628.75,0
9,3,176.63,0
214,1,426.6,0
9,6,911.26,0
12,5,2314.65,0
2,11,3883.25,0
8,9,4871.93,0
4,4,1046.56,0
41,1,166.20000000000002,0
18,4,1305.33,0
9,44,51527.3,2
9,9,3965.62,0
19,1,43.2,0
118,1,640.14,0
223,1,383.45,0
72,3,1858.96,0
52,2,2093.32,0
89,6,2995.72,0
9,9,2352.53,0
243,1,310.26,0
47,6,1611.59,0
107,1,120.0,0
45,6,2481.13,0
65,1,508.58000000000004,0
207,2,477.79,0
11,5,1530.75,0
115,2,605.0600000000001,0
243,1,183.85,0
164,1,311.65,0
18,7,5014.84,0
125,2,462.65999999999997,0
23,3,866.31,0
68,1,415.2,0
17,8,2552.21,0
17,2,468.26,0
17,4,1614.91,0
162,2,588.22,0
243,1,309.52,0
219,1,134.7,0
46,8,2182.28,0
22,4,668.5600000000001,0
128,8,889.9300000000001,0
39,1,108.97999999999999,0
121,2,1021.58,0
261,1,409.57,0
11,1,133.5,0
275,1,282.93,0
165,1,51.0,0
158,4,1078.96,0
216,1,90.6,0
6,2,163.62,0
366,1,174.4,0
80,2,701.23,0
44,1,225.77,0
20,3,912.18,0
32,4,2128.23,0
23,1,161.2,0
109,8,3717.35,0
9,16,9261.52,0
320,1,155.0,0
296,1,100.5,0
359,1,76.55,0
186,1,257.68,0
192,2,617.05,0
45,2,348.1,0
53,1,202.68,0
27,1,626.0699999999999,0
39,3,1247.69,0
10,3,202.11,0
297,1,142.4,0
33,3,1770.56,0
11,8,3212.84,0
66,2,1043.46,0
11,9,4652.82,0
219,1,67.95,0
3,9,3507.71,0
66,2,487.99,0
3,19,2612.96,0
150,1,574.7,0
5,13,4051.48,0
131,4,1475.81,0
34,6,1474.32,0
120,1,156.75,0
108,6,2157.73,0
11,7,2606.53,0
72,6,2059.4500000000003,0
93,9,1105.07,0
311,1,1063.0,0
43,2,770.03,0
363,1,122.7,0
92,7,1496.98,0
2,13,5900.28,0
23,2,490.22,0
4,3,1937.25,0
11,6,1058.06,0
100,1,387.52,0
58,2,813.11,0
1,6,4263.64,0
219,1,265.2,0
18,1,322.08,0
24,10,4481.67,0
51,2,363.34000000000003,0
8,5,1244.83,0
303,1,470.36,0
10,6,2255.51,0
22,6,1372.8,0
99,1,89.06,0
366,1,63.0,0
307,1,131.9,0
320,1,2661.24,0
9,5,2357.6800000000003,0
1,4,1712.89,0
205,2,1589.82,0
54,4,1420.2,0
1,4,1039.58,0
19,5,1163.23,0
10,2,375.35,0
19,4,907.1,0
181,3,483.25,0
61,2,662.59,0
11,2,264.44,0
191,1,119.93,0
6,9,3062.4,0
311,1,113.64,0
156,1,1837.92,0
111,3,434.34,0
149,3,2103.06,0
67,11,2004.02,0
99,3,529.62,0
247,3,1058.6200000000001,0
30,7,2272.4,0
18,4,598.76,0
12,2,461.19,0
104,8,1936.84,0
75,2,234.34000000000003,0
47,1,547.66,0
72,3,925.85,0
258,1,215.7,0
20,4,1309.6,0
254,2,316.25,0
12,1,279.05,0
165,2,636.51,0
19,6,2068.15,0
282,1,137.1,0
51,1,321.92,0
39,1,165.75,0
27,6,1196.33,0
68,1,1064.28,0
208,1,463.38,0
176,2,340.93,0
8,5,2383.2400000000002,0
26,1,139.56,0
51,2,123.8,0
312,2,538.8100000000001,0
310,1,475.37,0
43,5,1957.32,0
27,3,815.32,0
89,3,356.85,0
184,2,251.21,0
20,11,2470.67,0
4,6,3543.26,0
48,4,673.26,0
18,8,5905.64,0
18,5,2012.17,0
24,6,1383.18,0
23,2,276.42,0
12,5,1314.81,0
188,2,275.28,0
101,3,455.59000000000003,0
62,3,1055.35,0
18,6,2102.09,0
34,2,330.45,0
65,1,174.37,0
2,2,270.6,0
25,4,974.54,0
109,1,241.09,0
32,9,1867.68,0
20,9,4332.2,0
3,55,8508.82,0
38,1,364.21999999999997,0
61,3,620.04,0
26,6,2925.91,0
237,4,932.85,0
25,7,1949.72,0
3,18,4447.05,0
61,3,2864.19,0
260,1,171.8,0
58,1,355.56,0
65,2,388.25,0
16,2,537.48,0
10,3,996.26,0
59,8,1461.65,0
186,1,103.25,0
29,16,3630.33,0
25,2,2024.45,0
6,5,2578.09,0
4,8,4007.54,0
151,2,652.8,0
312,1,289.24,0
11,2,765.62,0
19,2,186.23,0
152,1,165.07,0
20,5,859.27,0
11,4,2381.04,0
58,2,324.14,0
86,1,788.38,0
8,22,2237.77,0
76,3,1080.76,0
4,18,5074.77,0
96,4,3099.12,0
111,1,1432.0,0
57,2,1530.3600000000001,0
2,1,227.39,0
281,2,218.06,0
4,7,2832.84,0
180,9,1653.42,0
373,1,35.400000000000006,0
13,4,859.71,0
4,1,168.63,0
17,1,138.6,0
41,1,114.11,0
6,5,1052.55,0
170,4,1042.26,0
51,1,157.05,0
277,1,237.36,0
19,9,1601.14,0
372,1,39.75,0
16,4,1447.14,0
36,3,570.46,0
22,3,617.99,0
8,2,379.83,0
20,6,1740.6,0
12,2,883.15,0
45,1,221.97,0
306,1,393.33000000000004,0
11,1,213.96,0
275,1,660.0,0
2,93,12156.65,0
16,14,16569.5,0
5,4,1785.15,0
73,4,601.56,0
243,3,406.08000000000004,0
10,3,553.44,0
246,1,394.44,0
206,2,412.78000000000003,0
2,5,1788.3600000000001,0
185,1,320.58000000000004,0
33,5,889.25,0
58,2,225.85,0
197,2,899.63,0
24,4,2791.27,0
92,2,671.96,0
5,2,959.01,0
51,3,1006.98,0
263,1,114.56,0
267,1,344.90000000000003,0
37,2,609.85,0
51,1,443.6,0
53,6,2984.49,0
25,6,2125.08,0
22,1,110.46,0
59,1,96.12,0
171,2,693.8100000000001,0
68,2,830.76,0
157,2,597.09,0
2,74,280206.02,1
202,1,243.22,0
5,4,1417.29,0
68,2,654.6,0
78,1,114.18,0
2,7,1947.55,0
9,4,1932.23,0
170,2,291.05,0
18,4,848.22,0
6,2,247.15,0
9,9,2529.93,0
87,2,285.74,0
27,1,107.95,0
29,4,771.17,0
20,2,637.89,0
61,5,1835.7,0
25,1,195.25,0
11,25,9241.2,0
242,3,1269.99,0
281,2,411.53,0
235,2,765.55,0
4,5,1736.4,0
17,1,604.75,0
32,6,2548.2400000000002,0
26,16,28754.11,2
72,3,498.95,0
188,2,52.0,0
26,5,1236.28,0
107,1,628.38,0
8,21,5630.87,0
209,1,112.8,0
45,2,371.7,0
31,5,2114.33,0
138,4,591.55,0
265,1,172.9,0
5,7,2078.95,0
219,2,188.60999999999999,0
2,5,1250.76,0
215,1,109.13000000000001,0
33,3,2235.3,0
11,9,2549.37,0
2,17,3292.14,0
15,1,318.17,0
12,9,1546.91,0
199,1,179.0,0
3,3,1126.37,0
16,13,4921.04,0
15,4,606.13,0
11,11,2868.8,0
30,3,917.07,0
10,11,2666.36,0
25,1,160.19,0
25,4,867.38,0
44,2,329.68,0
2,5,1602.13,0
6,3,663.81,0
148,1,187.92000000000002,0
11,6,1158.3,0
25,1,718.08,0
275,1,268.58,0
374,1,313.49,0
2,8,2005.06,0
48,3,380.02,0
9,8,2702.4900000000002,0
17,12,9585.91,0
4,32,6065.69,0
4,3,1164.55,0
43,7,1314.45,0
5,7,3902.28,0
198,3,1448.21,0
12,6,1400.34,0
17,7,1099.98,0
113,5,1220.26,0
250,1,328.2,0
30,5,1415.75,0
44,1,389.64,0
88,1,563.15,0
45,2,638.05,0
10,11,5010.28,0
16,1,738.96,0
76,1,420.5,0
145,4,1484.06,0
5,3,1625.97,0
298,1,89.2,0
59,2,255.9,0
264,1,300.52,0
47,1,278.3,0
30,3,254.11,0
9,6,2473.37,0
18,2,192.60000000000002,0
3,8,10674.75,0
233,2,876.42,0
113,1,139.26,0
59,3,1011.9,0
52,11,2538.3,0
128,2,730.86,0
281,3,386.15,0
55,2,447.68,0
320,1,200.10000000000002,0
27,2,289.99,0
11,2,77.4,0
8,2,679.4399999999999,0
29,1,197.64,0
17,4,745.06,0
64,1,6.2,0
22,1,228.99,0
3,7,1319.91,0
167,1,131.45000000000002,0
2,17,8022.49,0
53,3,173.74,0
52,1,157.7,0
48,12,4339.74,0
62,1,193.14,0
163,3,845.55,0
9,1,353.27,0
16,4,554.65,0
76,1,193.39000000000001,0
40,8,2741.17,0
41,11,2087.88,0
370,2,155.43,0
37,2,778.5,0
198,1,271.85,0
201,2,1110.34,0
74,3,657.8,0
65,2,272.07,0
22,4,507.29,0
367,1,48.800000000000004,0
181,3,321.43,0
11,4,1127.71,0
4,12,2226.91,0
197,3,2139.76,0
30,4,697.55,0
54,1,197.13,0
18,6,1720.3,0
11,3,102.44999999999999,0
90,4,1649.5,0
268,1,62.85,0
54,6,3295.76,0
44,4,2824.69,0
64,4,3189.81,0
149,1,309.4,0
22,25,7930.54,0
312,1,325.75,0
24,2,511.35,0
59,6,2836.69,0
25,2,475.8,0
79,7,2759.83,0
120,2,645.65,0
37,3,1311.3799999999999,0
60,2,1173.12,0
13,4,1353.74,0
20,1,170.32,0
53,1,125.79,0
26,2,841.1999999999999,0
30,1,266.76,0
8,2,52.2,0
11,12,14389.9,0
186,3,710.28,0
4,8,2953.59,0
9,2,725.7,0
262,1,327.25,0
4,4,522.38,0
211,1,519.68,0
108,2,1465.3200000000002,0
13,9,1485.54,0
78,3,706.19,0
20,1,255.4,0
27,2,589.7,0
19,6,761.59,0
132,1,765.3199999999999,0
253,1,364.8,0
80,1,1862.0,0
208,1,369.2,0
337,1,135.9,0
254,1,125.65,0
149,2,554.38,0
10,2,1237.8500000000001,0
86,1,655.75,0
8,20,11138.710000000001,0
205,2,468.77000000000004,0
8,4,1366.38,0
24,6,1303.52,0
12,9,1421.29,0
26,1,332.66,0
22,5,2810.63,0
3,2,1025.44,0
158,2,616.15,0
4,7,3501.1,0
75,1,277.8,0
3,4,434.35,0
2,201,143825.06,3
17,2,867.85,0
36,4,1227.43,0
92,2,307.48,0
71,4,1268.98,0
116,2,1610.15,0
213,2,977.77,0
31,2,1316.07,0
51,1,749.1,0
246,1,310.05,0
33,1,223.88,0
109,3,2372.86,0
5,5,1257.68,0
366,1,363.53,0
82,2,1890.94,0
298,1,1784.71,0
34,8,8137.02,0
57,3,1621.88,0
30,12,5900.25,0
15,1,100.9,0
73,2,290.82,0
24,6,1101.97,0
20,1,371.2,0
80,1,311.69,0
60,11,8099.49,0
26,1,289.82,0
13,1,336.17,0
254,1,58.49,0
148,3,499.68,0
65,4,695.42,0
9,2,221.27,0
11,9,7044.68,0
271,1,126.7,0
10,5,1487.8,0
248,1,206.21,0
97,2,599.0,0
15,1,191.32,0
50,1,463.8,0
31,1,147.59,0
69,4,1592.06,0
36,3,1116.57,0
129,1,114.77,0
108,3,1314.45,0
38,1,114.39,0
58,1,279.94,0
58,7,790.86,0
73,5,1931.42,0
247,1,102.12,0
20,2,213.27,0
199,2,296.75,0
16,2,326.4,0
212,1,334.54,0
39,2,233.23000000000002,0
47,3,546.1999999999999,0
171,2,429.87,0
48,1,490.52,0
116,4,1641.76,0
148,1,1246.32,0
16,28,6316.57,0
52,1,502.09,0
160,1,156.91,0
13,3,1261.78,0
36,1,308.94,0
54,2,423.04,0
44,2,260.17,0
173,1,170.04,0
34,1,125.58,0
39,3,496.21000000000004,0
267,1,266.0,0
9,9,1914.82,0
12,4,905.04,0
4,11,6802.76,0
10,10,1661.33,0
34,1,377.01,0
81,3,469.0,0
31,4,1066.1499999999999,0
9,4,627.13,0
72,2,518.28,0
5,4,668.14,0
257,3,4959.1,0
5,10,2586.67,0
16,8,4308.61,0
90,1,252.73000000000002,0
73,3,465.55,0
59,6,705.49,0
10,47,19914.44,0
171,1,180.35,0
200,1,135.93,0
32,1,537.0,0
20,17,7700.2300000000005,0
152,2,735.66,0
10,15,5213.7699999999995,0
270,1,343.62,0
66,4,384.05,0
274,1,121.17000000000002,0
26,3,1782.09,0
24,3,1391.61,0
320,1,215.78,0
5,3,697.79,0
13,2,302.1,0
276,2,1489.5,0
26,11,2124.9900000000002,0
41,9,1337.72,0
9,4,303.09,0
4,48,54534.14,2
72,4,987.86,0
214,1,370.79999999999995,0
38,4,3158.13,0
54,1,893.59,0
79,3,1744.76,0
47,2,553.36,0
180,1,1109.53,0
373,1,106.2,0
94,2,982.07,0
10,3,1043.41,0
106,1,748.87,0
78,1,773.03,0
173,1,880.85,0
8,32,9743.11,0
213,4,895.61,0
23,5,504.8,0
257,1,88.2,0
282,1,306.94,0
22,2,1160.07,0
11,6,2420.84,0
309,1,381.32,0
68,1,480.71,0
216,2,457.81,0
19,6,4597.02,0
104,4,1370.6,0
43,1,219.39000000000001,0
5,1,248.08,0
183,3,39916.5,2
85,1,410.48,0
334,3,876.0,0
9,2,317.53,0
32,2,703.36,0
197,2,1027.44,0
19,7,2298.93,0
18,5,1422.52,0
312,6,319.5,0
142,4,1300.25,0
246,1,484.95,0
24,4,996.1,0
30,3,1567.48,0
10,3,3609.33,0
31,10,2760.56,0
19,1,340.11,0
18,4,1352.75,0
15,5,1551.78,0
135,1,244.8,0
246,1,266.4,0
134,1,358.82,0
51,2,457.72,0
115,3,1633.78,0
8,2,2199.31,0
23,2,184.19,0
26,15,11528.48,0
66,1,406.53,0
61,4,1471.0,0
51,11,3447.4,0
170,1,330.11,0
19,5,977.9300000000001,0
128,3,982.42,0
15,8,1387.99,0
240,1,139.05,0
3,4,1286.7,0
240,2,178.96,0
53,7,2354.25,0
47,1,498.74,0
226,1,259.45,0
9,17,6580.44,0
5,4,1194.73,0
165,2,1327.16,0
241,1,623.5,0
11,1,301.29,0
134,1,520.8000000000001,0
18,10,5314.47,0
10,13,4745.69,0
32,1,329.25,0
76,1,296.42,0
2,3,961.49,0
4,3,1936.07,0
46,1,401.40000000000003,0
2,30,18641.010000000002,0
358,1,158.16,0
19,2,304.47,0
69,3,843.05,0
374,1,487.75,0
321,1,163.0,0
26,1,106.56,0
332,1,1289.5,0
9,5,1624.05,0
323,1,135.75,0
72,1,224.14,0
261,1,40.5,0
19,5,2206.95,0
368,1,87.5,0
67,3,689.4799999999999,0
155,2,622.85,0
30,2,406.76,0
71,1,310.62,0
15,2,411.41,0
2,16,4777.18,0
2,41,16225.39,0
120,3,1044.32,0
61,1,499.32,0
4,15,7616.53,0
3,1,3861.0,0
11,3,1079.6100000000001,0
93,2,193.64,0
60,4,1268.7,0
88,5,1236.54,0
26,6,1827.8,0
358,1,316.58,0
86,2,653.24,0
11,4,420.29999999999995,0
2,5,870.12,0
226,1,331.18,0
61,2,894.4100000000001,0
242,1,101.8,0
319,2,328.35,0
2,8,1661.44,0
47,3,734.94,0
88,1,96.6,0
11,11,5756.89,0
177,1,305.75,0
52,6,1778.96,0
367,1,403.25,0
319,1,585.0,0
226,2,755.75,0
359,2,322.08,0
235,1,409.40000000000003,0
311,1,154.41,0
37,5,1219.4,0
67,4,3386.71,0
240,2,429.6,0
114,2,612.06,0
277,1,197.0,0
218,12,2247.51,0
299,1,321.05,0
2,4,1412.32,0
30,3,1071.99,0
11,2,780.59,0
45,5,1706.57,0
67,8,1756.44,0
75,1,316.68,0
66,2,631.57,0
135,3,2515.84,0
239,2,514.15,0
123,1,356.0,0
32,13,6688.46,0
10,11,10484.99,0
37,2,740.78,0
17,5,918.1999999999999,0
128,1,300.36,0
67,1,890.85,0
149,1,98.45,0
284,1,317.15,0
169,2,623.16,0
101,7,1810.77,0
136,1,254.82,0
324,1,178.95000000000002,0
107,1,156.51,0
65,1,393.74,0
152,2,1506.1200000000001,0
339,1,119.3,0
23,5,1717.36,0
24,1,408.8,0
16,7,2379.49,0
8,15,2507.07,0
58,2,721.94,0
5,2,716.57,0
38,1,615.14,0
67,1,135.31,0
47,1,255.89999999999998,0
355,1,290.51,0
173,1,113.12,0
59,9,2332.15,0
50,1,240.55,0
23,2,486.69,0
44,5,2306.52,0
30,3,939.78,0
5,18,7943.22,0
26,15,4668.3,0
202,1,180.94,0
51,6,3672.86,0
11,3,641.94,0
3,12,4799.9,0
68,7,4507.01,0
65,1,496.44,0
51,12,5070.35,0
291,1,574.02,0
61,8,694.4000000000001,0
65,3,1174.35,0
96,1,205.3,0
275,1,310.47,0
1,91,60767.9,2
76,4,924.85,0
111,1,52.0,0
200,1,327.97,0
65,2,570.5,0
327,1,165.0,0
4,1,312.62,0
284,1,204.5,0
45,1,267.13,0
71,3,2748.31,0
86,1,679.68,0
104,1,162.29,0
334,1,311.71,0
53,1,208.75,0
40,3,1049.7,0
33,2,714.96,0
367,4,1661.06,0
209,1,1028.56,0
157,3,351.67,0
54,1,173.97,0
67,2,574.07,0
81,1,2020.52,0
130,1,406.09,0
88,1,364.5,0
1,3,563.94,0
46,1,393.54,0
333,1,252.42000000000002,0
367,1,201.60000000000002,0
73,1,158.04,0
159,2,473.81,0
374,1,115.65,0
13,7,1960.1100000000001,0
255,2,777.02,0
30,2,277.05,0
32,10,2766.5,0
5,22,8347.2,0
40,1,427.93,0
362,1,418.92,0
373,1,326.0,0
96,2,913.19,0
26,7,2314.32,0
76,2,602.51,0
58,4,1877.59,0
22,1,446.94000000000005,0
41,7,2386.05,0
138,1,2007.3999999999999,0
9,12,2415.91,0
129,1,168.0,0
41,3,1233.3600000000001,0
170,7,3703.29,0
9,5,1690.2600000000002,0
214,2,596.85,0
15,6,5955.71,0
170,2,642.41,0
41,1,316.88,0
187,1,394.14,0
271,1,140.54,0
173,1,500.0,0
5,4,1535.53,0
17,2,231.86,0
10,4,2183.54,0
326,1,107.45,0
113,1,288.18,0
290,1,94.0,0
17,2,1345.53,0
2,3,815.77,0
93,5,716.2,0
149,2,626.77,0
190,1,349.1,0
32,2,510.71000000000004,0
34,4,1056.44,0
265,1,267.18,0
85,8,3450.84,0
27,4,1358.88,0
172,1,190.53,0
10,3,774.9000000000001,0
314,1,572.8100000000001,0
65,4,3984.32,0
86,1,508.8,0
25,1,135.86,0
59,4,950.36,0
324,2,97.7,0
39,1,43.5,0
255,2,383.34,0
20,5,1447.39,0
34,3,1483.14,0
16,1,93.78,0
27,2,397.35,0
24,1,171.19,0
214,2,533.3,0
9,5,1041.48,0
23,1,149.29,0
13,3,1122.53,0
263,1,200.16,0
132,1,156.57999999999998,0
55,3,383.68,0
249,1,594.0,0
2,7,3236.91,0
10,2,1418.26,0
265,1,113.5,0
331,1,155.17,0
313,1,494.64,0
27,3,974.52,0
31,1,429.84,0
30,3,538.73,0
2,7,1388.37,0
363,1,179.1,0
284,3,447.22,0
263,1,237.07,0
26,1,161.64,0
355,1,216.76,0
95,3,234.6,0
30,1,126.14,0
339,1,1048.85,0
20,18,7354.62,0
86,1,334.53,0
10,3,524.88,0
52,2,467.51,0
51,2,538.55,0
3,1,469.48,0
114,1,371.56,0
15,7,1771.2,0
78,1,454.10999999999996,0
41,2,1441.42,0
117,1,905.5,0
16,12,11054.96,0
162,4,233.81,0
2,4,3594.31,0
31,3,2575.0,0
93,1,91.32000000000001,0
23,3,1134.28,0
96,6,3100.09,0
29,2,659.4599999999999,0
33,5,2001.8,0
22,2,1299.23,0
18,2,1262.2,0
3,27,13316.4,0
9,4,1131.56,0
16,12,10384.93,0
363,1,147.09,0
82,1,52.83,0
53,5,3610.96,0
23,3,979.26,0
172,1,492.36,0
190,6,1000.27,0
331,1,250.0,0
12,5,909.23,0
156,2,121.0,0
34,19,14758.220000000001,0
13,11,4139.46,0
45,3,62.43,0
234,1,267.03,0
65,8,1942.45,0
2,1,343.5,0
41,8,3000.2,0
33,2,398.84,0
85,1,412.01000000000005,0
25,1,440.0,0
3,3,825.92,0
34,2,148.44,0
19,8,2429.78,0
255,1,229.33,0
23,11,3995.23,0
22,4,1502.35,0
9,2,2007.44,0
26,4,1580.93,0
20,3,807.57,0
174,4,536.4,0
164,1,110.92,0
8,1,538.46,0
12,1,213.3,0
115,1,85.13000000000001,0
289,1,127.86,0
10,9,3546.71,0
55,2,292.71999999999997,0
8,14,4954.84,0
78,3,1693.26,0
5,4,575.63,0
37,1,436.06,0
218,1,90.12,0
61,1,437.23,0
278,1,217.2,0
13,16,4805.17,0
25,1,279.77,0
29,1,473.65000000000003,0
12,4,800.59,0
352,1,134.55,0
23,4,1400.44,0
51,2,173.16,0
19,1,186.01,0
3,3,758.29,0
104,5,1375.71,0
8,12,4165.52,0
12,4,650.4300000000001,0
5,7,2552.86,0
32,2,607.45,0
178,4,702.25,0
38,1,940.6700000000001,0
152,3,258.88,0
163,1,127.1,0
69,2,348.6,0
121,13,3679.9700000000003,0
25,3,682.9100000000001,0
24,4,725.11,0
177,1,455.3,0
51,4,913.6800000000001,0
256,3,478.53000000000003,0
47,1,388.58,0
71,1,199.8,0
16,5,1771.78,0
101,5,1406.59,0
36,1,324.57,0
54,1,240.68,0
27,2,761.74,0
12,14,6776.56,0
9,9,1297.8700000000001,0
79,1,48.480000000000004,0
53,1,216.39,0
37,5,1198.23,0
62,9,2920.16,0
337,1,104.76,0
29,4,1093.68,0
185,1,298.48,0
52,1,112.46000000000001,0
10,13,1591.45,0
37,2,195.15,0
11,23,10399.74,0
33,4,776.851,0
11,1,336.40000000000003,0
57,3,1553.18,0
5,4,1293.03,0
44,9,3709.56,0
142,1,301.03,0
117,4,588.13,0
104,4,1534.26,0
75,2,675.8,0
5,9,2870.2400000000002,0
46,2,1186.35,0
16,8,3285.31,0
18,1,243.55,0
90,2,724.76,0
53,1,223.36,0
135,1,425.32,0
5,15,12515.66,0
106,4,1887.2,0
192,3,664.0,0
167,4,813.0,0
19,1,612.01,0
158,3,447.64000000000004,0
205,2,657.35,0
337,2,816.0,0
37,3,646.3,0
92,1,337.74,0
93,2,877.4399999999999,0
10,2,922.53,0
244,1,560.67,0
46,4,748.5,0
23,1,30.0,0
191,5,1024.1000000000001,0
44,1,306.45,0
26,9,1600.86,0
318,2,309.8,0
107,1,138.14,0
51,1,386.43,0
169,2,2242.01,0
40,1,301.32,0
218,1,76.32000000000001,0
41,4,684.34,0
297,1,173.05,0
19,7,2657.13,0
89,4,2881.02,0
74,5,2446.6,0
82,3,323.69,0
19,3,3435.76,0
50,1,657.23,0
53,1,352.7,0
25,4,781.28,0
10,3,1333.68,0
26,5,1426.16,0
118,1,193.75,0
9,9,2993.1,0
120,2,254.1,0
5,2,239.76,0
253,1,136.8,0
29,1,191.04,0
1,14,6479.4,0
267,2,409.98,0
34,8,2736.46,0
18,1,309.65,0
173,2,696.68,0
3,4,1542.14,0
265,1,211.5,0
141,4,2293.62,0
202,1,143.1,0
64,4,1060.56,0
36,4,945.58,0
41,7,3364.2400000000002,0
284,1,133.25,0
10,5,1072.3600000000001,0
144,2,356.7,0
12,2,330.88,0
146,4,1118.81,0
235,1,150.3,0
33,13,5045.61,0
25,1,598.73,0
12,1,507.08,0
36,5,2222.56,0
365,1,203.1,0
202,2,218.25,0
16,1,415.25,0
17,7,5178.96,0
213,1,85.0,0
66,3,1120.88,0
213,2,294.12,0
283,1,162.3,0
115,2,1339.45,0
15,8,1205.1200000000001,0
19,16,4812.42,0
67,1,449.12,0
50,1,154.88,0
17,4,784.46,0
78,1,34.8,0
20,4,1094.59,0
135,1,196.88,0
13,3,974.04,0
41,1,149.31,0
236,3,44534.3,2
3,8,2465.48,0
40,7,2637.38,0
305,1,79.2,0
52,3,458.57,0
11,6,2364.25,0
62,4,532.96,0
66,2,714.42,0
25,1,205.25,0
219,3,253.04,0
66,2,583.75,0
32,2,1086.92,0
89,6,3279.97,0
65,1,315.06,0
116,3,621.8299999999999,0
8,26,56252.72,2
6,1,635.6800000000001,0
69,1,270.8,0
246,1,104.9,0
134,1,241.62,0
242,4,1047.11,0
184,3,475.28000000000003,0
26,3,345.46,0
10,3,2614.7400000000002,0
11,1,246.3,0
33,5,2328.9700000000003,0
47,3,4932.2,0
27,3,948.05,0
359,1,351.3,0
11,1,220.85,0
44,2,1612.69,0
15,3,965.61,0
150,1,610.01,0
2,8,2711.56,0
114,4,2207.4,0
76,3,884.14,0
108,2,699.08,0
47,3,1063.95,0
143,1,451.42,0
52,1,415.82000000000005,0
1,13,4206.39,0
24,17,5528.4800000000005,0
47,3,784.58,0
51,3,903.9,0
307,4,3734.9700000000003,0
37,5,515.77,0
79,4,1391.98,0
23,6,2218.62,0
108,5,1801.14,0
208,2,1303.9099999999999,0
17,4,1945.33,0
64,5,2100.6,0
50,4,1905.45,0
320,1,206.98,0
45,2,570.96,0
4,2,885.47,0
373,1,15.0,0
173,1,532.94,0
57,3,1654.31,0
74,14,1836.0900000000001,0
100,2,636.14,0
38,1,576.0,0
59,3,801.76,0
255,1,836.79,0
71,4,2233.75,0
45,4,954.09,0
51,1,137.37,0
65,1,391.98,0
12,19,33643.08,2
34,3,1048.49,0
59,2,355.56,0
73,4,1224.06,0
304,1,118.95000000000002,0
47,1,130.73999999999998,0
18,8,3711.77,0
39,2,389.27,0
20,2,238.85,0
187,2,160.71,0
52,1,110.8,0
5,12,2974.65,0
137,5,712.24,0
5,27,16387.57,0
19,1,297.0,0
16,5,1438.85,0
41,8,977.21,0
13,8,3165.36,0
9,4,832.88,0
26,2,68.84,0
23,6,1936.3200000000002,0
41,3,895.13,0
102,1,230.53,0
6,15,3812.64,0
278,2,149.64,0
33,1,354.09000000000003,0
15,2,360.93,0
64,7,4405.88,0
2,2,493.28,0
370,1,343.28000000000003,0
313,5,501.39000000000004,0
199,4,516.36,0
3,2,396.48,0
93,3,379.35,0
61,1,181.09,0
81,1,168.31,0
157,2,446.87,0
227,1,524.52,0
254,2,263.55,0
150,1,179.17,0
195,2,222.05,0
2,5,1388.88,0
369,1,56.25,0
24,1,351.11,0
17,3,363.88,0
10,7,5126.76,0
9,1,164.68,0
20,7,1567.69,0
4,3,967.45,0
174,1,191.94,0
1,8,1232.18,0
179,2,264.62,0
17,8,1528.09,0
248,1,123.1,0
191,2,334.23,0
20,2,639.89,0
155,4,167.5,0
173,1,336.03000000000003,0
374,1,369.5,0
373,1,127.08,0
195,1,207.15,0
68,1,426.63,0
5,8,2495.87,0
22,3,1107.46,0
240,2,416.86,0
65,1,145.35,0
113,5,404.58,0
90,15,6115.01,0
312,1,35.8,0
134,1,337.44,0
277,1,325.1,0
366,1,181.0,0
83,1,1708.24,0
9,2,955.24,0
17,2,364.72,0
32,4,1765.51,0
9,2,708.22,0
34,4,806.57,0
16,8,1659.3799999999999,0
25,14,4416.26,0
32,1,428.89,0
75,1,104.35,0
20,2,470.76,0
18,4,845.64,0
24,2,418.83,0
3,3,666.1,0
304,1,314.1,0
18,12,4199.85,0
367,1,307.82000000000005,0
40,7,3442.15,0
85,1,371.01,0
166,2,430.94,0
18,2,1054.73,0
78,1,1098.78,0
89,3,2398.86,0
25,8,3408.48,0
23,4,1475.02,0
3,10,2837.67,0
124,2,1142.42,0
31,1,168.12,0
13,7,1451.28,0
20,1,158.03,0
45,2,792.11,0
4,1,41.989999999999995,0
9,7,2797.57,0
55,1,427.07,0
89,6,1060.68,0
37,5,3089.97,0
3,3,12393.7,0
30,5,2735.37,0
13,4,615.39,0
212,1,101.4,0
48,4,1701.94,0
24,3,478.78,0
23,4,992.71,0
246,3,407.5,0
9,16,3362.71,0
36,3,1415.29,0
4,47,37130.6,2
38,3,662.38,0
4,3,705.39,0
4,8,1508.76,0
48,1,211.88,0
40,2,408.90000000000003,0
47,9,3786.2400000000002,0
17,3,851.01,0
261,1,628.28,0
47,3,719.81,0
13,1,251.24,0
30,1,439.65999999999997,0
44,1,236.09,0
92,6,934.62,0
39,63,81024.84,2
310,1,331.24,0
93,2,548.94,0
6,20,8816.4,0
197,3,437.7,0
88,2,758.92,0
270,3,855.02,0
8,3,471.78000000000003,0
66,3,1313.55,0
31,3,3166.4,0
23,5,1197.27,0
38,4,773.99,0
120,4,1340.7,0
374,2,256.44,0
41,3,1111.79,0
174,1,137.9,0
55,1,362.06,0
33,2,1511.95,0
146,1,783.9,0
221,1,134.8,0
46,1,664.85,0
17,7,2263.12,0
66,6,1459.8600000000001,0
10,4,1153.62,0
261,1,335.32,0
366,1,372.09,0
17,5,1521.87,0
23,2,852.15,0
45,1,326.24,0
289,1,584.3199999999999,0
298,1,122.39999999999999,0
4,10,2234.73,0
284,1,79.2,0
17,3,1352.0,0
82,2,217.16,0
57,5,2806.9,0
101,2,1317.62,0
300,1,436.18,0
24,5,981.51,0
60,5,1121.39,0
155,2,315.06,0
115,3,817.86,0
107,1,17.0,0
12,4,1078.23,0
265,1,320.62,0
241,1,185.04999999999998,0
88,7,2005.63,0
51,3,731.9,0
71,1,1290.7,0
43,3,1842.14,0
8,6,1429.64,0
62,1,302.36,0
249,1,336.96,0
66,1,108.38,0
18,7,3204.1600000000003,0
85,1,842.5,0
219,2,611.88,0
46,3,1337.48,0
144,4,195.73999999999998,0
184,1,161.38,0
171,1,135.75000000000003,0
10,8,1667.97,0
212,1,612.78,0
190,1,232.21,0
9,2,423.36,0
60,4,1309.14,0
58,2,867.11,0
74,4,684.4200000000001,0
52,1,307.78,0
318,1,249.0,0
368,1,289.35,0
30,4,6287.77,0
40,1,656.25,0
18,5,1880.22,0
52,6,3506.54,0
4,33,14589.04,0
22,2,618.09,0
263,1,517.55,0
60,3,709.38,0
19,3,635.41,0
66,2,725.18,0
89,1,620.4,0
250,1,535.34,0
4,6,2424.94,0
247,1,175.2,0
9,11,3799.4900000000002,0
158,3,734.13,0
134,1,375.0,0
297,1,76.32000000000001,0
5,2,280.52,0
43,5,2053.02,0
269,1,1829.04,0
50,5,1824.23,0
9,9,3122.04,0
16,3,656.69,0
282,1,348.2,0
66,2,1025.44,0
2,19,5575.56,0
253,1,37.4,0
233,2,856.6,0
18,3,822.48,0
11,27,3787.6,0
9,4,1822.97,0
51,6,1885.05,0
60,1,73.2,0
96,5,1140.21,0
16,6,1418.32,0
127,3,1009.5500000000001,0
95,4,1037.59,0
51,1,331.95,0
139,1,197.9,0
61,1,215.83,0
101,8,10254.18,0
74,1,305.54,0
73,4,6617.65,0
68,1,338.71000000000004,0
65,6,1158.79,0
17,2,529.41,0
23,12,4006.94,0
32,15,6911.4400000000005,0
45,4,981.86,0
16,2,215.48,0
41,1,215.08,0
3,13,5180.52,0
237,1,314.45,0
76,1,400.68100000000004,0
5,2,1080.6200000000001,0
4,4,1863.47,0
361,1,365.27,0
59,4,592.9,0
24,1,405.71,0
31,4,761.38,0
55,4,537.0600000000001,0
26,1,394.38,0
45,2,664.26,0
89,5,2262.62,0
2,18,21086.3,0
89,1,547.02,0
20,2,690.34,0
79,1,159.0,0
171,3,1062.75,0
81,1,242.35,0
268,1,914.9300000000001,0
236,2,304.25,0
30,7,3084.68,0
37,3,864.86,0
319,1,846.72,0
58,4,1295.3,0
45,5,1096.32,0
204,3,255.12,0
226,1,314.22,0
88,2,1010.6,0
190,2,542.03,0
44,4,990.88,0
72,3,536.6800000000001,0
41,5,867.31,0
79,1,432.2,0
57,2,414.2,0
25,2,3718.8,0
10,13,2607.87,0
9,7,3603.21,0
34,2,409.1,0
212,2,1522.75,0
24,3,1413.66,0
171,1,114.56,0
62,1,152.94,0
53,5,1800.07,0
262,2,389.44,0
67,2,3683.86,0
17,8,2619.91,0
267,1,752.4300000000001,0
177,1,46.95,0
46,5,5203.51,0
51,1,1035.45,0
18,4,746.83,0
10,9,5447.0,0
74,7,861.89,0
72,2,667.65,0
354,1,1141.24,0
3,5,1429.24,0
117,1,411.7,0
374,1,357.95,0
197,1,559.87,0
177,1,810.6000000000001,0
101,1,566.38,0
22,3,1509.58,0
73,1,2062.06,0
340,1,168.3,0
6,5,1570.81,0
32,2,823.97,0
170,1,142.5,0
122,1,302.25,0
22,10,2248.9900000000002,0
10,4,1328.55,0
269,1,301.9,0
23,3,598.2,0
127,1,233.22,0
26,3,5360.63,0
139,1,361.21999999999997,0
214,6,632.27,0
38,4,2560.0,0
107,2,706.57,0
18,2,616.26,0
4,2,274.15000000000003,0
331,1,226.37,0
65,8,2938.91,0
120,3,1341.65,0
36,1,328.15,0
218,1,404.40000000000003,0
173,2,1038.46,0
73,5,373.65000000000003,0
2,2,326.75,0
197,1,207.50000000000003,0
129,3,428.68,0
47,3,594.24,0
6,14,3110.96,0
15,6,3844.22,0
18,3,251.91,0
29,7,1593.2,0
8,22,26626.8,2
37,1,151.05,0
158,1,214.79999999999998,0
285,1,109.95,0
108,1,549.07,0
25,4,1971.87,0
76,4,322.41,0
17,2,370.47999999999996,0
159,1,101.10000000000001,0
45,1,575.41,0
12,2,887.65,0
33,7,1469.45,0
291,1,53.5,0
22,4,1116.47,0
333,1,153.9,0
18,2,494.44,0
4,23,6675.71,0
64,2,395.8,0
198,3,211.77,0
34,3,658.88,0
2,4,2027.5,0
8,9,1750.92,0
5,6,3512.53,0
10,4,896.66,0
33,5,734.77,0
54,1,109.36000000000001,0
12,2,707.04,0
18,9,1540.42,0
19,1,327.3,0
38,2,804.49,0
3,2,497.43,0
19,3,1553.66,0
83,4,1320.56,0
34,2,367.93,0
67,2,473.03000000000003,0
9,2,987.01,0
268,1,676.2,0
248,3,362.95,0
5,4,2157.4,0
62,1,1780.59,0
75,2,668.36,0
90,2,584.5,0
61,3,555.89,0
29,2,317.2,0
323,1,94.36,0
54,4,1382.07,0
270,1,221.19,0
3,13,3046.21,0
57,5,1555.34,0
61,5,1486.9,0
155,2,1705.8,0
20,2,408.57,0
95,1,303.93,0
2,12,4098.32,0
265,2,299.6,0
313,1,177.5,0
71,1,443.05,0
303,2,167.25,0
19,1,163.07,0
13,10,2126.93,0
37,5,2028.88,0
20,2,214.65,0
54,1,151.83,0
57,1,262.2,0
22,2,126.25,0
45,1,210.35,0
27,3,1051.4,0
45,3,675.27,0
113,6,972.23,0
18,51,34684.4,2
25,1,346.12,0
192,1,133.56,0
303,1,302.7,0
3,10,1908.25,0
264,2,241.06,0
107,1,284.55,0
58,1,300.85,0
214,3,642.81,0
65,1,287.4,0
29,1,184.26,0
30,7,1522.25,0
6,5,798.35,0
8,5,3640.67,0
68,2,381.2,0
2,3,616.79,0
47,4,654.67,0
34,1,230.51,0
1,2,168472.5,3
136,1,259.01,0
199,1,188.89000000000001,0
198,2,707.69,0
150,1,311.92,0
88,1,266.97,0
45,2,6.9,0
64,7,1841.18,0
100,5,2158.37,0
219,1,208.36,0
3,18,3482.7400000000002,0
29,3,814.72,0
178,1,151.42,0
74,3,136.0,0
22,4,1422.4,0
20,3,1314.68,0
34,7,1603.46,0
75,1,74.9,0
24,4,650.43,0
52,4,762.39,0
275,1,223.95000000000002,0
165,3,316.11,0
8,7,1871.5,0
89,4,544.3,0
64,7,2494.46,0
26,3,331.0,0
11,2,300.83,0
76,1,769.29,0
16,1,220.62,0
193,1,139.35,0
174,2,404.3,0
78,1,363.65,0
34,3,498.8,0
47,1,731.5,0
80,4,1351.63,0
297,1,826.53,0
4,3,684.41,0
9,3,1599.52,0
50,6,2965.69,0
162,2,100.97,0
361,2,365.45,0
5,6,400.86,0
107,4,1431.93,0
26,1,484.38,0
32,1,777.6,0
20,2,90.30000000000001,0
297,1,363.7,0
373,1,248.1,0
22,3,950.26,0
5,4,874.59,0
53,5,1627.13,0
31,1,101.69999999999999,0
278,1,162.7,0
62,2,484.32,0
26,2,215.07999999999998,0
187,3,1046.57,0
2,21,9418.470000000001,0
3,26,13027.45,0
172,1,290.36,0
82,1,228.06,0
4,1,244.41,0
191,1,455.25,0
23,7,1244.59,0
18,3,6748.8,0
20,3,1095.56,0
6,1,593.75,0
111,1,548.97,0
3,4,1388.81,0
54,1,119.62,0
165,1,339.3,0
291,2,787.15,0
11,10,4154.64,0
109,5,2298.97,0
96,3,922.12,0
243,2,379.73,0
164,12,5719.82,0
43,3,837.1,0
36,2,285.89,0
67,7,3313.79,0
25,2,281.85,0
1,20,8338.49,0
27,2,841.41,0
6,2,511.12,0
54,1,1077.74,0
365,1,173.7,0
16,5,614.66,0
195,2,865.6,0
4,1,124.2,0
16,10,3738.4,0
27,3,1421.69,0
128,3,1009.6,0
85,2,663.61,0
72,1,451.44,0
183,1,105.84,0
114,1,313.62,0
374,1,233.45,0
81,2,936.08,0
249,1,463.95,0
233,1,225.15,0
72,3,459.24,0
69,1,213.5,0
5,16,4113.68,0
51,3,330.03,0
76,1,181.09,0
62,1,360.16,0
16,2,250.15,0
5,1,90.04,0
286,1,145.04999999999998,0
5,6,813.52,0
41,1,244.79999999999998,0
37,1,528.08,0
75,2,482.47,0
18,14,3347.71,0
16,7,5493.46,0
220,1,75.66,0
187,1,129.49,0
33,4,1187.66,0
71,1,618.59,0
183,1,506.19,0
16,2,500.42,0
236,1,151.85,0
32,5,2647.59,0
264,1,226.21,0
4,2,178.96,0
52,4,813.48,0
246,1,129.45,0
81,2,810.5699999999999,0
275,1,333.08,0
1,17,4413.1,0
80,1,322.8,0
30,5,2188.05,0
74,2,417.73,0
18,6,2883.1,0
223,2,217.9,0
33,4,1154.47,0
23,10,1680.72,0
32,3,1257.51,0
106,1,231.10000000000002,0
5,2,688.33,0
246,1,487.51,0
178,2,833.78,0
170,2,214.06,0
43,1,290.65999999999997,0
72,1,518.42,0
59,7,6773.97,0
17,2,1212.66,0
142,4,601.27,0
18,6,3794.52,0
23,15,8625.8,0
10,4,933.62,0
369,1,123.24,0
190,1,39.12,0
17,4,1267.6499999999999,0
363,1,135.39999999999998,0
20,1,118.98,0
69,2,570.13,0
16,6,306.71999999999997,0
24,3,1374.8700000000001,0
17,11,4095.9,0
29,3,1692.27,0
3,20,8134.9400000000005,0
55,2,319.61,0
34,4,1592.1200000000001,0
3,12,3109.99,0
367,1,129.75,0
44,1,183.7,0
73,6,1770.34,0
5,5,1028.0,0
5,28,66653.56,2
62,2,324.24,0
48,7,3062.83,0
2,4,1260.86,0
76,2,422.59999999999997,0
73,2,225.57999999999998,0
257,2,1276.0,0
69,2,482.01,0
136,4,657.9000000000001,0
242,1,112.75,0
227,2,1998.0,0
9,13,5076.55,0
9,13,5398.3,0
1,20,14034.99,0
38,3,531.35,0
46,1,656.63,0
85,5,3029.87,0
20,10,2483.04,0
4,5,1651.03,0
10,11,3645.43,0
19,15,6923.13,0
219,3,1161.53,0
79,1,301.71999999999997,0
267,2,901.2,0
24,6,3858.38,0
370,1,623.75,0
15,7,1790.42,0
27,1,155.24,0
263,1,292.47,0
18,13,4730.81,0
92,2,589.15,0
303,7,781.02,0
27,5,1382.02,0
365,1,272.82,0
47,4,1054.67,0
39,21,7239.92,0
53,3,743.11,0
32,1,603.75,0
53,3,650.51,0
79,5,2300.56,0
54,1,417.59999999999997,0
298,1,3.75,0
177,1,323.0,0
47,1,464.9,0
30,7,2238.09,0
12,7,1304.76,0
87,17,7194.3,0
5,18,6697.66,0
38,2,836.06,0
18,5,1515.9,0
45,5,623.93,0
31,1,1764.72,0
373,1,207.5,0
59,1,223.92000000000002,0
373,1,2002.4,0
115,3,1496.83,0
215,1,239.4,0
319,1,106.83000000000001,0
66,1,369.34000000000003,0
8,3,789.79,0
97,1,316.62,0
20,3,1501.38,0
199,1,611.85,0
4,13,2799.25,0
295,1,34.0,0
274,2,1145.6,0
31,11,5580.6,0
48,3,478.09000000000003,0
261,1,380.39,0
58,5,770.1,0
34,5,2246.81,0
58,1,171.59,0
68,4,661.52,0
11,11,1695.66,0
61,1,388.28,0
81,2,226.35,0
75,2,245.94,0
3,22,10629.720000000001,0
101,2,425.19,0
373,1,311.25,0
11,13,2279.9,0
20,1,107.6,0
124,2,597.48,0
9,1,80.8,0
4,6,1545.6200000000001,0
30,7,1721.78,0
283,2,110.38000000000001,0
58,1,243.84,0
2,10,1222.71,0
366,1,414.88,0
90,1,305.62,0
12,1,1201.49,0
164,4,1619.73,0
66,1,332.3,0
24,3,536.99,0
174,2,460.59,0
104,4,801.49,0
143,3,1121.59,0
100,2,288.42,0
24,5,914.69,0
193,1,309.54,0
5,2,547.07,0
361,1,479.35,0
9,10,1692.98,0
15,21,6509.1,0
104,4,417.06,0
3,9,1604.75,0
11,11,3349.57,0
96,1,497.61,0
228,1,358.38,0
16,2,460.64,0
39,2,775.1800000000001,0
52,1,341.7,0
94,2,128.5,0
157,1,197.22,0
39,1,325.91,0
185,3,199.15,0
2,4,1106.53,0
228,1,413.46,0
129,2,180.85,0
40,2,251.87,0
32,11,3170.98,0
198,2,588.85,0
9,34,16594.35,0
37,6,1869.82,0
101,3,1264.19,0
43,16,10196.57,0
51,1,214.32,0
44,1,193.44,0
53,1,281.42,0
187,1,124.57,0
334,1,332.41,0
5,3,342.45,0
11,2,144.91000000000003,0
24,2,328.4,0
15,1,35.400000000000006,0
369,1,375.69000000000005,0
145,2,747.81,0
60,2,173.76,0
32,2,502.8,0
141,3,207.73999999999998,0
23,4,825.42,0
23,6,2812.34,0
78,3,680.02,0
5,6,7123.62,0
68,5,2095.53,0
13,6,853.72,0
85,1,13.3,0
31,7,1519.08,0
67,1,432.0,0
67,3,705.12,0
188,2,276.73,0
38,2,429.84000000000003,0
16,3,471.51,0
36,1,194.88,0
195,3,1578.67,0
2,5,809.7,0
2,5,525.54,0
367,1,145.93,0
65,1,219.14,0
300,2,289.78,0
27,3,508.81,0
8,6,1281.56,0
17,3,887.11,0
117,1,1706.88,0
30,1,373.24,0
5,16,3754.27,0
6,7,3102.43,0
82,4,579.77,0
30,5,981.65,0
73,1,379.14,0
5,8,1510.06,0
29,11,2575.38,0
291,1,113.44,0
37,1,208.46,0
10,6,621.6800000000001,0
24,2,576.26,0
277,1,391.52,0
50,6,1068.82,0
157,11,2596.45,0
62,1,169.79,0
13,19,7247.61,0
22,3,846.75,0
372,1,230.25,0
116,3,543.05,0
81,17,2847.6,0
4,7,1295.39,0
27,3,380.55,0
6,21,4604.22,0
54,1,161.94,0
2,2,563.23,0
55,2,950.9300000000001,0
26,1,262.68,0
9,4,2736.38,0
53,3,3049.88,0
13,9,1920.59,0
212,3,816.73,0
22,19,4345.5,0
236,1,406.48,0
139,3,435.02,0
4,6,1286.27,0
57,3,1178.56,0
135,3,1277.75,0
110,2,167.61,0
31,1,20.8,0
1,9,2085.08,0
185,4,518.67,0
18,1,308.74,0
240,2,416.64,0
88,1,117.35000000000001,0
39,3,507.05,0
117,1,234.17,0
188,1,110.55000000000001,0
227,1,201.19,0
9,7,2154.97,0
190,1,319.02,0
5,2,439.43,0
40,3,650.41,0
39,1,357.21,0
268,1,251.51999999999998,0
78,1,344.33,0
4,6,1852.0,0
256,2,1078.96,0
61,1,384.06,0
13,7,1931.25,0
89,2,4481.35,0
18,10,5464.12,0
30,2,1873.2,0
4,7,1625.05,0
6,1,126.12,0
8,6,1133.25,0
219,1,179.0,0
11,5,1614.31,0
31,6,1456.96,0
289,3,702.0,0
150,4,295.0,0
24,2,484.82,0
1,11,3989.57,0
86,3,1493.73,0
47,2,1412.94,0
5,4,781.78,0
51,6,889.9300000000001,0
19,1,195.36,0
31,1,270.9,0
9,3,586.33,0
29,3,1842.56,0
3,20,8694.26,0
41,2,920.1,0
12,4,1272.61,0
32,1,71.0,0
46,3,95.85,0
61,3,357.77,0
186,2,154.82999999999998,0
79,6,890.29,0
111,2,716.0,0
64,1,146.87,0
12,2,380.35,0
87,3,1030.14,0
17,3,745.52,0
246,2,433.53000000000003,0
88,1,1267.32,0
31,1,112.4,0
138,1,449.73,0
27,3,1081.57,0
3,5,1044.3799999999999,0
33,4,1735.18,0
26,1,948.48,0
114,3,339.44,0
158,1,642.02,0
86,3,1100.9,0
118,3,925.35,0
3,9,5659.9800000000005,0
97,6,3228.84,0
195,1,247.14000000000001,0
29,1,413.75,0
131,1,498.48,0
29,5,1356.33,0
82,3,1179.89,0
30,5,3095.04,0
267,1,234.24,0
74,11,5232.2300000000005,0
314,4,538.37,0
22,7,1461.14,0
59,3,859.35,0
13,21,4552.14,0
29,9,2709.7000000000003,0
115,1,312.14,0
29,9,2429.03,0
18,4,1446.09,0
18,4,834.12,0
37,3,841.0799999999999,0
37,2,378.2,0
79,1,118.80000000000001,0
23,2,287.62,0
26,2,290.16,0
34,2,2003.85,0
110,3,1405.78,0
36,2,2949.75,0
124,5,1566.65,0
8,6,2050.08,0
29,4,1991.01,0
5,7,2043.95,0
3,9,3827.76,0
51,4,1777.78,0
323,1,302.0,0
23,3,1324.16,0
16,4,1022.13,0
3,8,954.42,0
19,2,971.74,0
11,4,1621.73,0
262,1,25.5,0
160,2,665.78,0
34,6,10815.43,0
30,6,885.04,0
166,1,163.29999999999998,0
48,1,248.61,0
6,8,808.62,0
9,3,837.5,0
289,1,116.19999999999999,0
318,1,157.02,0
4,2,606.91,0
234,1,307.46,0
120,1,138.32,0
162,1,345.29999999999995,0
186,1,298.89,0
51,1,259.35,0
153,5,1004.75,0
335,1,157.09,0
6,5,2463.17,0
16,7,4892.240000000001,0
107,2,425.0,0
17,7,1139.73,0
276,1,380.5,0
16,12,10668.47,0
248,1,465.32,0
240,1,579.0,0
2,2,984.57,0
106,3,749.78,0
23,4,1714.59,0
52,1,124.88,0
195,3,1689.5,0
25,1,213.78,0
76,1,329.34,0
18,2,251.70000000000002,0
8,2,319.0,0
33,3,1266.97,0
22,3,1538.88,0
32,6,3518.03,0
29,10,1715.46,0
22,2,293.1,0
33,7,2467.35,0
285,1,158.68,0
39,2,206.34,0
58,2,835.78,0
290,1,224.91,0
79,1,317.76,0
6,8,3766.6,0
218,1,59.9,0
45,4,1443.69,0
202,1,306.13,0
179,3,711.79,0
57,4,796.03,0
58,2,239.92000000000002,0
8,6,3347.31,0
47,2,144.0,0
227,1,203.95,0
12,7,2474.23,0
107,2,384.40000000000003,0
59,2,444.74,0
29,7,2095.13,0
36,7,1699.3000000000002,0
274,2,262.62,0
30,1,1013.01,0
24,3,692.22,0
54,1,342.63,0
36,6,3563.85,0
176,4,1564.56,0
54,1,384.08,0
54,1,204.24,0
27,8,2317.2200000000003,0
254,1,226.85,0
41,7,2781.23,0
61,6,1069.1200000000001,0
235,1,113.5,0
5,10,1960.72,0
32,1,114.23,0
25,14,3198.25,0
8,2,335.13,0
66,1,354.15,0
311,2,426.79,0
309,1,393.49,0
19,6,939.32,0
16,8,1906.09,0
97,2,318.76,0
265,8,3638.41,0
13,10,3174.32,0
3,2,421.52,0
36,1,190.88,0
183,1,149.89000000000001,0
26,2,550.06,0
13,6,916.13,0
12,2,314.69,0
3,17,3744.65,0
313,1,382.5,0
109,2,1135.04,0
2,26,8676.85,0
54,1,954.9,0
205,1,171.45,0
16,1,282.19,0
121,1,318.65,0
4,2,384.52,0
363,1,283.28000000000003,0
117,2,353.86,0
19,1,178.26,0
5,2,272.44,0
41,2,298.41,0
108,2,240.0,0
149,2,603.37,0
53,5,1253.3600000000001,0
209,1,63.440000000000005,0
139,2,562.9,0
3,3,310.64,0
128,2,317.62,0
108,4,763.64,0
43,4,2148.63,0
36,1,111.97999999999999,0
228,2,1065.3500000000001,0
242,1,246.04,0
58,1,187.82999999999998,0
131,3,1703.41,0
61,6,1652.58,0
22,1,153.92,0
27,7,1064.11,0
10,7,1419.73,0
32,3,944.41,0
4,2,525.24,0
309,1,550.8000000000001,0
9,9,1875.1100000000001,0
29,3,556.95,0
18,1,131.78,0
102,2,498.42,0
12,4,669.11,0
22,1,197.63,0
15,5,1135.63,0
362,1,250.04,0
11,19,8631.31,0
96,1,82.75,0
79,2,1384.85,0
139,3,644.3,0
32,1,2328.84,0
25,8,2527.92,0
2,38,6292.26,0
47,3,2600.34,0
101,3,1200.6200000000001,0
9,2,700.86,0
16,7,921.07,0
18,4,990.23,0
281,1,96.8,0
15,2,523.11,0
23,2,363.9,0
124,1,175.2,0
86,1,494.25,0
303,2,307.02,0
152,4,2027.8700000000001,0
18,8,6643.93,0
95,2,243.36,0
30,11,12353.29,0
157,3,781.36,0
356,1,193.64,0
47,1,160.57,0
16,4,537.74,0
4,15,2676.56,0
87,1,228.96,0
15,5,1159.52,0
180,1,110.75,0
9,4,1286.07,0
37,3,587.15,0
130,2,1740.0,0
51,1,1393.06,0
312,1,178.22,0
25,2,388.14,0
304,2,365.85,0
12,1,127.86,0
18,3,585.79,0
50,3,488.2,0
240,2,312.23,0
1,11,4481.18,0
13,8,4801.56,0
239,1,168.4,0
24,8,1912.67,0
73,4,446.18,0
18,3,423.89,0
41,8,1342.68,0
41,4,646.92,0
219,2,495.77,0
200,3,400.1,0
71,2,203.2,0
24,20,4100.92,0
12,1,404.66,0
9,29,20275.61,0
66,1,65.4,0
5,1,199.29,0
20,2,336.4,0
15,1,261.11,0
8,6,2686.42,0
20,2,784.11,0
78,4,1259.56,0
1,34,31833.68,2
164,2,508.8,0
307,2,457.91,0
220,1,203.86999999999998,0
40,8,7330.8,0
23,2,696.41,0
115,3,653.38,0
127,5,2129.96,0
5,13,2633.85,0
37,1,281.62,0
5,15,31906.82,2
2,3,1031.41,0
334,3,2200.42,0
164,1,32.65,0
185,2,771.85,0
17,5,1214.72,0
13,3,778.94,0
3,7,1258.06,0
44,2,778.0,0
80,1,507.84,0
30,7,6893.42,0
43,2,463.46000000000004,0
12,12,4226.57,0
51,3,598.83,0
17,6,1979.37,0
47,2,698.41,0
20,2,759.17,0
9,6,5037.26,0
72,1,100.8,0
1,28,17256.85,0
129,3,524.9200000000001,0
33,2,265.76,0
314,1,403.3,0
19,2,365.76,0
89,1,303.15999999999997,0
3,7,2373.82,0
2,2,216.29999999999998,0
254,1,388.45000000000005,0
157,3,186.42000000000002,0
37,6,2248.56,0
220,1,534.24,0
148,3,2940.04,0
177,2,120.9,0
41,2,541.53,0
3,7,2520.86,0
9,46,194550.79,3
2,7,1721.4,0
18,2,486.71999999999997,0
193,4,517.53,0
204,1,131.7,0
366,1,249.86,0
127,5,1737.7,0
16,1,316.5,0
44,2,657.3,0
95,6,622.4300000000001,0
23,3,757.46,0
61,2,675.69,0
17,5,1896.41,0
159,1,289.96000000000004,0
11,2,763.28,0
11,2,137.0,0
17,5,1870.97,0
45,5,1125.07,0
192,3,710.29,0
80,1,194.37,0
78,1,511.82,0
4,4,1255.59,0
66,3,414.04,0
262,1,396.87,0
59,2,376.64,0
1,7,2092.32,0
2,10,3558.87,0
249,1,374.57,0
8,2,497.56,0
359,1,271.05,0
76,1,272.22,0
290,1,622.88,0
18,3,1138.0,0
221,2,288.6,0
10,4,689.1,0
3,2,558.96,0
207,9,2997.0299999999997,0
162,2,1145.84,0
76,1,302.2,0
262,2,605.58,0
281,1,387.31,0
58,8,6115.14,0
25,1,308.48,0
3,31,91062.38,2
29,10,2924.9900000000002,0
73,1,513.2,0
129,1,208.65,0
32,4,639.02,0
16,5,768.08,0
309,1,153.94,0
18,6,1844.02,0
54,1,546.81,0
30,3,723.2099999999999,0
2,5,1070.71,0
12,4,652.74,0
362,1,145.0,0
360,1,422.70000000000005,0
5,4,1195.8999999999999,0
54,4,939.37,0
2,8,3628.5,0
2,10,2385.0,0
191,1,296.7,0
54,1,223.36,0
281,1,164.4,0
178,1,76.5,0
30,2,897.62,0
26,1,98.42,0
25,2,578.9,0
270,1,170.75,0
44,3,645.96,0
234,1,103.3,0
24,2,148.86,0
198,3,267.16,0
360,1,306.84,0
61,4,930.41,0
130,1,1487.6,0
2,5,1952.45,0
20,2,483.26,0
206,1,157.9,0
15,3,541.46,0
95,5,854.95,0
20,1,167.62,0
15,7,1122.38,0
25,3,454.01,0
9,2,901.21,0
8,8,4331.48,0
333,1,344.14,0
51,4,1498.51,0
72,4,226.75000000000003,0
30,3,380.6,0
243,1,185.65,0
9,19,3622.68,0
219,1,143.45999999999998,0
5,3,448.90000000000003,0
253,3,215.72,0
1,25,11045.04,0
237,1,175.27,0
8,2,1242.3,0
110,4,1133.07,0
101,3,1240.2,0
61,4,2404.17,0
3,3,1479.22,0
74,7,2225.9700000000003,0
4,5,3927.34,0
86,2,993.18,0
13,2,388.79,0
24,7,2827.93,0
214,1,2044.3700000000001,0
18,1,161.67000000000002,0
240,1,116.00999999999999,0
3,6,5102.97,0
79,1,394.72,0
218,2,309.36,0
34,2,193.42,0
41,5,1112.22,0
8,15,3984.22,0
54,6,2048.45,0
23,14,4559.150000000001,0
58,1,390.07,0
131,3,329.6,0
174,3,571.1999999999999,0
6,3,971.58,0
313,1,218.52,0
60,1,81.44,0
22,3,1379.9,0
33,1,527.0500000000001,0
15,2,843.48,0
19,4,2047.0,0
82,1,75.75,0
6,8,1814.12,0
170,2,503.59999999999997,0
2,3,528.33,0
32,4,1324.84,0
37,9,2361.9700000000003,0
20,1,285.56,0
32,2,547.0600000000001,0
277,1,108.5,0
87,1,621.66,0
120,2,712.29,0
374,1,101.55,0
2,11,2895.64,0
220,3,1008.39,0
66,1,133.06,0
61,4,1797.5,0
139,1,868.49,0
22,1,166.08,0
12,10,3945.0,0
26,12,4867.72,0
37,4,1207.56,0
278,1,117.55,0
11,7,2638.94,0
74,5,1674.69,0
26,2,595.42,0
18,12,2999.46,0
142,1,196.0,0
26,7,1802.91,0
19,2,604.64,0
4,2,728.16,0
67,5,2055.51,0
2,2,347.75,0
43,7,3406.7200000000003,0
228,1,205.7,0
16,4,1572.71,0
51,2,3178.17,0
2,6,1629.12,0
75,2,551.04,0
2,31,20374.28,0
5,6,1387.68,0
2,30,16363.23,0
264,1,298.11,0
53,2,1992.1100000000001,0
24,1,184.4,0
11,6,2474.33,0
44,1,239.41,0
17,7,3191.53,0
8,7,5739.46,0
31,15,4757.95,0
359,2,290.40000000000003,0
128,4,740.9399999999999,0
138,1,200.47,0
142,1,283.12,0
132,2,765.34,0
39,8,2285.71,0
237,1,338.95,0
261,1,154.95,0
17,4,2534.64,0
253,1,417.95,0
31,4,1824.37,0
36,3,798.74,0
169,2,885.19,0
4,9,1823.52,0
5,17,10504.49,0
186,2,152.4,0
188,2,267.08,0
170,1,137.45,0
11,2,385.1,0
45,1,522.91,0
321,1,153.0,0
201,1,326.4,0
23,11,5655.99,0
233,1,139.35,0
38,15,5396.04,0
27,4,1195.94,0
97,4,2424.04,0
128,6,3276.4000000000005,0
72,3,1033.0,0
17,11,3439.08,0
16,1,1060.25,0
4,3,2876.01,0
4,13,5298.4800000000005,0
80,4,1240.11,0
373,1,303.97,0
39,2,692.19,0
54,3,700.63,0
3,19,13110.02,0
10,3,377.44,0
10,2,168.24,0
20,4,1879.05,0
12,7,2791.35,0
114,2,355.11,0
4,6,2322.4,0
241,1,110.25,0
113,1,71.4,0
179,2,674.52,0
6,9,1797.57,0
360,1,80.64,0
1,5,1772.26,0
2,30,5605.29,0
20,8,3456.7000000000003,0
18,3,834.99,0
22,2,287.59,0
33,1,712.78,0
264,1,15.0,0
51,2,818.8199999999999,0
159,3,371.88,0
16,1,271.2,0
9,3,2273.1800000000003,0
13,10,3997.98,0
199,5,1143.27,0
57,2,245.81,0
11,2,182.77,0
97,4,1225.41,0
255,1,56.4,0
25,3,665.86,0
22,3,658.57,0
160,2,188.02,0
73,2,283.47,0
54,1,131.94,0
86,2,278.74,0
153,4,1865.19,0
74,2,1117.9,0
282,1,225.9,0
27,14,1965.55,0
30,1,106.1,0
26,1,323.04,0
180,2,350.39,0
41,4,697.9,0
23,3,780.43,0
23,10,3055.93,0
38,9,1199.01,0
83,3,1285.04,0
74,1,512.31,0
12,1,546.04,0
17,12,5411.91,0
5,39,7837.7300000000005,0
13,4,732.16,0
15,5,1770.8799999999999,0
37,4,36.56,0
5,3,387.68,0
72,7,3704.87,0
52,1,298.4,0
6,5,1995.46,0
23,4,1820.09,0
299,1,889.24,0
2,3,398.7,0
34,1,35.400000000000006,0
50,1,155.37,0
3,3,350.64,0
48,1,110.21000000000001,0
43,8,1593.38,0
27,5,2779.3,0
43,1,338.8,0
2,124,40991.57,2
304,1,205.48,0
107,1,51.559999999999995,0
86,1,2033.1,0
82,9,901.1999999999999,0
219,4,605.8000000000001,0
373,34,5391.21,0
12,2,114.34,0
186,2,311.26,0
373,1,208.97,0
2,4,1418.03,0
5,23,26879.04,2
6,12,5155.66,0
305,1,148.21,0
369,1,252.8,0
4,8,2100.8,0
324,1,330.9,0
60,6,3160.0,0
13,3,597.5,0
31,20,10526.32,0
143,1,329.65,0
31,6,1197.1000000000001,0
108,5,428.18,0
3,12,1894.35,0
205,1,155.9,0
81,5,1859.16,0
186,6,683.46,0
171,1,237.61,0
44,1,379.45,0
174,1,178.51999999999998,0
365,1,458.92,0
305,1,133.35000000000002,0
4,4,671.77,0
4,4,717.45,0
13,1,190.19,0
32,3,899.61,0
130,1,111.35,0
22,8,726.05,0
213,2,203.87,0
323,2,602.09,0
163,1,203.85999999999999,0
57,3,244.1,0
226,1,112.25,0
72,8,1119.81,0
45,1,98.0,0
24,1,256.32,0
173,3,566.6,0
86,2,152.06,0
160,1,155.8,0
191,2,112.19999999999999,0
30,1,110.38,0
22,1,191.67,0
72,4,800.24,0
248,1,72.9,0
374,1,243.28,0
10,1,366.23,0
311,5,311.01,0
59,2,411.6,0
4,1,336.43,0
46,3,341.28,0
89,1,1304.04,0
5,17,4204.1,0
65,4,826.52,0
283,1,207.50000000000003,0
12,7,2962.5,0
373,1,244.08,0
134,2,397.29,0
46,2,212.54,0
12,4,843.0,0
36,5,1740.48,0
135,2,408.36,0
30,3,1331.57,0
52,2,704.25,0
139,2,145.79,0
6,1,389.84,0
9,7,4301.22,0
160,1,99.14,0
50,10,4106.4400000000005,0
131,1,304.56,0
8,1,77.50000000000001,0
234,2,149.57999999999998,0
38,1,176.68,0
148,1,358.56000000000006,0
2,45,58510.48,2
73,3,482.2,0
40,3,1008.5400000000001,0
6,12,2332.72,0
199,4,557.3,0
250,1,12.75,0
67,1,111.68,0
117,1,508.4599999999999,0
172,1,73.78,0
22,39,1296.44,0
143,1,102.83,0
32,2,471.7,0
38,14,2622.57,0
38,5,1098.43,0
372,1,123.07,0
374,1,277.35,0
167,2,228.2,0
212,1,582.59,0
242,1,136.04,0
52,1,337.04,0
25,3,740.79,0
16,13,4488.81,0
373,1,353.19,0
30,1,288.14,0
366,1,300.91999999999996,0
36,4,757.71,0
166,3,811.45,0
146,1,152.68,0
23,1,634.95,0
57,1,20.8,0
186,1,198.57,0
12,7,201.12,0
237,3,630.84,0
226,2,93.35,0
122,4,678.49,0
282,1,76.1,0
75,8,1970.6699999999998,0
38,2,382.06,0
13,2,417.23,0
363,1,169.47,0
4,2,249.72,0
24,1,444.68,0
71,9,2116.19,0
236,1,257.34,0
257,1,174.8,0
374,1,102.78999999999999,0
156,2,187.29,0
29,1,166.42,0
5,1,120.03,0
33,5,1483.56,0
82,3,523.0,0
109,2,122.14,0
52,1,38.45,0
36,1,668.11,0
153,2,389.78,0
99,1,115.31,0
5,2,230.64999999999998,0
335,1,73.5,0
66,1,97.97,0
22,2,422.88,0
36,3,730.4,0
33,3,405.62,0
155,6,70.02,0
20,2,357.20000000000005,0
12,21,4183.39,0
54,1,165.04999999999998,0
25,3,559.51,0
5,10,2088.6,0
46,1,189.4,0
204,2,172.29000000000002,0
360,1,74.4,0
71,1,300.02,0
8,10,6784.1900000000005,0
289,1,363.65,0
10,1,170.16,0
24,3,306.46,0
22,10,2119.41,0
174,3,720.52,0
134,2,814.0,0
6,14,2392.83,0
76,1,318.0,0
41,1,396.33,0
290,1,101.69999999999999,0
27,5,2036.67,0
258,2,453.0,0
186,1,247.44,0
115,12,3877.5200000000004,0
374,1,489.6,0
24,10,2611.75,0
9,11,2633.0099999999998,0
218,2,336.13,0
46,4,3651.97,0
19,2,1231.5,0
37,3,343.45,0
26,1,703.37,0
17,1,90.47999999999999,0
331,2,689.95,0
275,1,101.34,0
99,2,4055.7199999999993,0
62,1,167.67000000000002,0
3,11,9068.26,0
94,4,2106.52,0
82,7,3017.3,0
313,2,580.0500000000001,0
12,3,911.15,0
8,6,2697.8,0
128,1,168.31,0
12,2,223.65,0
1,60,259657.3,1
38,1,754.64,0
38,1,113.48000000000002,0
330,1,430.7,0
255,1,271.0,0
2,26,8052.97,0
20,1,236.3,0
13,2,352.69,0
369,1,76.32000000000001,0
291,1,220.1,0
68,8,1418.03,0
26,1,320.72,0
11,26,5653.82,0
368,1,181.12,0
215,1,111.15,0
150,2,673.1,0
9,6,1826.21,0
25,2,589.4399999999999,0
30,4,1142.99,0
61,1,206.82999999999998,0
20,3,348.73,0
244,1,112.55000000000001,0
16,3,1059.39,0
213,1,931.4999999999999,0
30,5,681.9100000000001,0
64,3,784.33,0
296,1,152.65,0
18,6,8438.34,0
158,2,1019.52,0
117,2,1000.16,0
8,12,2888.75,0
13,4,2861.55,0
141,2,160.35000000000002,0
46,2,179.33999999999997,0
51,3,612.0799999999999,0
33,3,566.58,0
135,2,653.35,0
4,2,399.19,0
76,3,371.62,0
13,2,734.94,0
10,2,453.4,0
302,1,530.15,0
58,2,638.0600000000001,0
16,5,1618.69,0
38,1,399.65000000000003,0
178,1,302.46000000000004,0
24,3,1384.8600000000001,0
177,6,1169.94,0
61,1,202.65,0
34,3,980.31,0
59,5,1231.31,0
15,20,7561.68,0
87,4,2106.84,0
8,1,104.0,0
359,1,476.35,0
32,6,1341.42,0
129,4,1590.81,0
10,6,1793.17,0
5,6,1843.75,0
25,1,382.8,0
228,2,632.07,0
16,1,49.8,0
250,1,304.25,0
16,3,2001.04,0
78,2,1090.24,0
193,2,284.46000000000004,0
262,1,207.79999999999998,0
72,1,957.97,0
166,1,243.76,0
83,1,973.8399999999999,0
96,2,689.13,0
5,17,5425.56,0
107,1,163.8,0
200,3,1396.99,0
158,1,160.42000000000002,0
72,3,1993.7,0
37,2,517.36,0
29,1,139.10000000000002,0
2,6,2621.38,0
26,5,600.07,0
327,1,248.42,0
237,1,232.48000000000002,0
90,1,299.34000000000003,0
32,1,481.75,0
30,2,621.75,0
212,2,662.08,0
3,10,2069.77,0
227,1,305.28000000000003,0
23,5,1041.61,0
93,1,443.0,0
5,14,6484.54,0
264,1,158.95000000000002,0
4,12,5509.12,0
45,11,5228.05,0
218,1,93.75,0
57,2,779.9,0
12,20,7276.900000000001,0
10,7,2810.2000000000003,0
193,5,2083.27,0
82,4,592.97,0
326,1,440.0,0
72,3,1796.48,0
30,6,882.24,0
3,5,987.1,0
219,5,1561.6100000000001,0
47,1,422.58,0
10,17,2073.09,0
73,4,2232.4900000000002,0
8,7,2567.06,0
24,2,596.1,0
123,2,804.02,0
18,1,95.34,0
311,1,349.27,0
88,1,4314.72,0
51,2,526.67,0
90,1,103.3,0
40,8,2337.63,0
25,3,2338.6000000000004,0
173,6,2643.2000000000003,0
44,2,324.24,0
141,1,149.48,0
26,3,1213.1599999999999,0
73,2,801.51,0
135,1,25.5,0
367,1,168.6,0
39,2,283.15,0
3,6,3078.58,0
3,3,204.0,0
31,1,175.92,0
44,1,335.86,0
59,1,110.38,0
74,1,173.9,0
278,1,180.60000000000002,0
181,1,80.82,0
8,2,178.05,0
4,16,2094.88,0
43,3,1837.28,0
